scrip_code,symbol
890237,505196
890234,VERTEXPP
890232,KRISHPP
890231,ANIRITPP
890230,ACESEPP
890229,ANNVRPP
890228,ATLPP
890226,SURAJINDPP
890221,SSFLPP
890217,APLABPP
751115,EFCIL-RE
751113,SHAKTI-RE
751111,PANAFIC-RE
751110,GRAVITY-RE
590154,ALPHA
590153,MONIFTY500
590152,MODEFENCE
590151,MOMENTUM50
590150,MOREALTY
590149,MOCAPITAL
590148,MOSMALL250
590144,MID150BEES
590142,PHARMABEES
590141,ITBEES
590139,LIQUID1
590138,SETFNIF50
590137,SETFNIFBK
590136,BANKNIFTY1
590134,MADRASFERT
590115,MOM50
590110,QNIFTY
590109,SHARIABEES
590108,PSUBNKBEES
590107,PSUBANK
590106,BANKBEES
590104,JUNIORBEES
590103,NIFTYBEES
590086,ORISSAMINE
590078,MAITHANALL
590075,LAMBODHARA
590073,WHEELS
590072,SUNDRMBRAK
590071,SUNDARMFIN
590070,RADAAN
590068,KHAITANLTD
590066,KCP
590065,IMPAL
590062,ANDHRSUGAR
590057,EQUIPPP
590056,SALONA
590051,SAKSOFT
590041,KAVDEFENCE
590031,DENORA
590030,SPIC
590025,GINNIFILA
590024,FACT
590022,EASTSILK
590021,BHARATRAS
590018,HISARMETAL
590013,XPROINDIA
590006,AMRUTANJAN
590005,VEEDOL
590003,KARURVYSYA
570005,GATECHDVR
570004,JISLDVREQS
570002,FELDVR
555555,SENSEXIETF
544758,BAGMANE
544757,BSHSL
544756,UNITEDPOLY
544755,RECODE
544754,KISSHT
544753,CITIUSINVT
544752,PSCELESTIA
544751,MTL
544750,OMPOWER
544749,ARSIFHDAD
544748,ONEPOINT
544747,EMIAC
544746,SCDL
544745,SBINMID150
544744,POWERICA
544743,AMIRCHAND
544742,SAIPARENT
544741,HIGHNESS
544740,TIPCO
544739,CMPDI
544738,SPML
544737,VALUE
544735,NOVUS
544734,RIIT
544733,GSPCROP
544732,INNOVISION
544731,RSL
544726,KOTYARK
544725,BANK10ADD
544724,ELFIN
544723,SEDEMAC
544722,SBIMIDMOM
544721,GROWWHOSPI
544720,OMNI
544719,ABSL10BANK
544718,PNGSREVA
544717,CLEANMAX
544716,SRTL
544711,KIAASA
544710,ACCORDTS
544709,GAUDIUMIVF
544708,YASHHTEJ
544707,FIL
544706,ABSLMSCIN
544705,DEFENCE
544704,INFRA
544703,DSFCL
544702,DCMSIL
544701,HEALTHCARE
544700,FRACTAL
544699,AYE
544698,PANHR
544697,ISIFHLSDG
544696,ISIFHLSG
544695,MSAFE
544694,ANL
544693,KANISHK
544692,ARSIFHRHD
544691,ARSIFHDG
544690,ARSIFHRMD
544689,ARSIFHRG
544688,KASTURI
544687,HANNAH
544686,SHAYONAENG
544685,SHADOWFAX
544684,DIGILOGIC
544683,ARITAS
544682,GRERENEW
544681,INDOSMC
544680,NARMADESH
544679,AMAGI
544678,BHARATCOAL
544677,DEFRAIL
544676,YAJUR
544675,GTIL
544674,NEXT50ADD
544673,MDRC
544671,ATIL
544670,BAIKAKAJI
544669,ADMACH
544668,NANTA
544667,DACHEPALLI
544666,GKSL
544665,GLOBALLOG
544664,KSHINTL
544663,NEPLOG
544662,SIMANDHAR
544661,DIVIDEND
544660,TOP20
544659,STANBIK
544658,ICICIAMC
544657,PAJSON
544656,HRS
544655,MIDCAPADD
544654,SMALLADD
544653,TSIFRIR
544652,TSIFRIP
544651,TSIFRG
544650,TSIFDIR
544649,TSIFDG
544648,UNISEM
544647,NEPHROPLUS
544646,SHIPWAVES
544645,PARKHOSPS
544644,CORONA
544643,PRODOCS
544642,WAKEFIT
544641,KVTOYS
544640,RDEL
544637,METHODHUB
544636,WOSAL
544635,LUXURY
544634,AEQUS
544633,VIDYAWIRES
544632,MEESHO
544631,CNL
544630,HELLOJI
544629,RAVEL
544628,ASTRONMULT
544627,PURPLEWAVE
544626,EXATO
544625,LOGICIEL
544624,KKSILK
544623,MNFL
544622,KWIL
544621,SSMD
544620,MSCIADD
544619,SUDEEPPHRM
544618,ESENSEX
544617,EXCELSOFT
544616,GALLARD
544615,KSR
544614,CAPILLARY
544613,UTLSOLAR
544612,TENNIND
544611,MAHALIFE
544610,WORKMATES
544609,PWL
544608,EMMVEE
544607,SHTL
544606,PINELABS
544605,SMALL250
544604,ENERGY
544603,GROWW
544600,LENSKART
544599,STUDDS
544598,ACCURACY
544597,PIRAMALFIN
544596,SAFECURE
544595,ORKLAINDIA
544594,TRADEUNO
544593,MHLSDDR
544592,MHLSDD
544591,MHLSDG
544590,MHLSRDR
544589,MHLSRD
544588,MHLSRG
544587,MIDWESTLTD
544586,NIFTYCASE
544585,SIHORA
544584,SKM
544583,CANHLIFE
544582,SHLOKKA
544581,FLEXIADD
544580,CRAMC
544579,ANANTAM
544578,RUBICON
544577,WORTHPERI
544576,LGEINDIA
544575,MITTALSTL
544574,TATACAP
544572,SKFINDUS
544571,NSBBPO
544570,WEWORK
544569,TMCV
544568,ZAPPFRESH
544567,INFINITY
544566,SUNSKY
544565,VALPLAST
544564,OMFREIGHT
544563,ZELIO
544562,ADVANCE
544561,CHIRAHARIT
544560,SODHACAP
544559,OML
544558,FABTECH
544557,GLOTTIS
544556,DHILLON
544555,AMEENJI
544554,KVSCASTING
544553,MPKSTEELS
544552,RDGAIL
544551,BHAVIK
544550,PACEDIGITK
544549,EARKART
544548,GPAPL
544547,JKIPL
544546,CHTR
544545,TRUALT
544544,TELGE
544543,BMWVENTLTD
544542,JUSTO
544541,SYSTEMATIC
544540,EPACKPEB
544539,SOLVEX
544538,PRARUH
544537,JAINREC
544536,WEALTH
544535,BHARATROHAN
544534,JARO
544533,STYL
544532,SOLARWORLD
544531,TRUECOLORS
544530,ARSSBL
544529,APPL
544528,GANESHCP
544527,ATLANTAELE
544526,SAATVIKGL
544525,GKENERGY
544524,JDCABLES
544523,IVALUE
544522,ABCOTS
544521,VMSTMT
544520,SAMPAT
544519,EUROPRATIK
544518,LTELEVATOR
544517,BUILDPRO
544516,AIRFLOA
544515,URBANCO
544514,CITYSQUARE
544513,DEVX
544512,SHRINGARMS
544511,KARBON
544510,NCML
544509,KRUPALU
544508,VASHISHTHA
544507,SML100CASE
544506,SHARVAYA
544505,AUSTERE
544504,GOELCONS
544503,RACHIT
544502,AMANTA
544501,SUGSLLOYD
544500,ABRIL
544499,CPEDU
544498,OVAL
544497,AHCL
544496,VIKRAN
544495,NISMGMT
544494,GLOBTIER
544493,MANUFGBEES
544492,MEIL
544491,GEMAROMA
544490,SHREEJISPG
544489,LGT
544488,VIKRAMSOLR
544487,PATELRMART
544485,REGAAL
544484,BLUESTONE
544483,ICODEX
544482,STARIMAGIN
544481,KRT
544480,JSWCEMENT
544479,ALLTIME
544477,HILINFRA
544476,JSLL
544475,ESSEX
544474,BLT
544473,GROWWPOWER
544472,MEHUL
544471,TAKYON
544470,MBEL
544469,LOTUSDEV
544468,BDI
544467,NSDL
544466,CPPLUS
544465,LAXMIINDIA
544464,UML
544463,REPONO
544462,PSTITANIA
544461,EUROBOND
544460,PATELCHEM
544459,SHANTIGOLD
544458,SHREEREF
544457,BRIGHOTEL
544456,RMDRIP
544455,EBGNG
544454,INDIQUBE
544453,MSECL
544452,SWASTIKAAL
544451,MONIKA
544450,CHEMBONDCH
544449,ANTHEM
544448,PASHUPATI
544447,SMARTWORKS
544446,ADVENTHTL
544445,APL
544444,GLEN
544443,TRAVELFOOD
544442,CHEMKART
544441,METAINFO
544440,CRYOGENIC
544439,CRIZAC
544438,INTERNET
544437,MARCLOIRE
544436,VANDAN
544435,ADCOUNTY
544434,NEETUYOSHI
544433,VALINDIA
544432,IGCL
544431,ACEALPHA
544430,SAMBHV
544429,HDBFS
544428,SEVL
544427,TOP15IETF
544426,ICON
544425,AJCJEWEL
544424,GLOBECIVIL
544423,KALPATARU
544422,ABRFL
544421,ELLEN
544420,RAYMONDREL
544419,ARIS
544418,OSWALPUMPS
544417,ATENPAPERS
544416,KRISHIVAL
544415,SNXT30BEES
544414,BLUSPRING
544413,DIGITIDE
544412,3BFILMS
544411,SCODATUBES
544410,PROSTARM
544409,ASTONEALAB
544408,THELEELA
544407,AEGISVOPAK
544406,UNIFIED
544405,BELRISE
544404,BORANA
544403,ABLBL
544402,JASH
544401,EQUAL50
544400,MANOJJEWEL
544399,SRIGEE
544398,KENRIK
544397,ATHERENERG
544396,NPST
544395,STLNETWORK
544394,EVIETF
544393,INFONATIVE
544392,SPINAROO
544391,RETAGGIO
544390,ENRIN
544388,IDENTIXWEB
544387,DESCO
544386,SPECTRUM
544385,SBIBPB
544383,PPARIVAH
544382,AXISVALUE
544381,SUPERIRON
544379,PRABHA
544378,PSPL
544377,EQUAL200
544376,SELECTIPO
544374,ROADSTAR
544373,NAPSGLOBAL
544372,SHREENATH
544371,VIKRAMAR
544370,NUKLEUS
544369,BEEZAASAN
544368,SWASTH
544367,QPOWER
544366,LKMEHTA
544365,SHANMUGA
544364,BAJAJINDEF
544362,HEXT
544361,COVANCE
544356,AJAXENGG
544355,JUBLCPL
544354,SOLARIUM
544353,AMWILL
544352,NEXT30ADD
544351,MALPANI
544350,AGARWALEYE
544349,HMEML
544348,GBLOGISTIC
544347,CLN
544346,RRECL
544345,DENTA
544344,SHRIPISTON
544343,CNINFOTECH
544342,STALLION
544341,LGLL
544340,RIKHAV
544339,LAXMIDENTL
544338,CAPINVIT
544337,AVAX
544336,QUADFUTURE
544335,BRGIL
544334,INDOBELL
544333,SETL
544332,FABCLEAN
544331,DAVIN
544330,PARMESHWAR
544329,VANDU
544328,INDOFARM
544327,TECHNICHEM
544326,ECAPINSURE
544325,ITCHOTELS
544324,CITICHEM
544323,CONSUMER
544322,UNIMECH
544321,VENTIVE
544320,CARRARO
544319,SENORES
544318,MAMATA
544317,TRANSRAILL
544316,DAMCAPITAL
544315,CEWATER
544314,SANATHAN
544313,NACDAC
544312,HAMPS
544311,IGIL
544310,YASHHV
544309,IKS
544308,HILLTONE
544307,VMM
544306,SAILIFE
544305,MOBIKWIK
544304,JUNGLECAMP
544303,TTC
544302,INNOVANA
544301,ODIGMA
544296,NISUS
544295,PSPLATINA
544294,ROSSTECH
544293,SURAKSHA
544292,ONESOURCE
544291,RAJESH
544290,EIEL
544289,NTPCGREEN
544288,BLACKBUCK
544287,MANGALCOMP
544286,NIVABUPA
544285,SWIGGY
544283,ACMESOLAR
544282,SAGILITY
544281,ABINFRA
544280,AFCONS
544279,GODAVARIB
544278,OCCLLTD
544277,WAAREEENER
544276,DBEIL
544275,VAL30IETF
544274,HYUNDAI
544273,MGEL
544272,SHIVTEXCHEM
544271,GARUDA
544270,KGVL
544269,NPFL
544268,METAL
544267,SUBAM
544266,BANKPSU
544265,NEXXUS
544264,DIFFNKG
544263,KRN
544262,MANBA
544261,ARKADE
544260,NORTHARC
544259,PFL
544258,WCIL
544257,SAFE
544256,PNGJL
544254,TOLINS
544253,KROSS
544252,BAJAJHFL
544251,SSL
544250,SANOFICONR
544249,BALAJEE
544248,MCEL
544247,TOP10ADD
544246,RVTH
544245,NHL
544244,GALAPREC
544243,STYLEBAAZA
544242,TRAVELS
544241,MULTICAP
544240,RAYMONDLSL
544239,ECOSMOBLTY
544238,PREMIERENE
544237,RAPID
544236,RAL
544235,ORIENTTECH
544234,GLOBALE
544233,MFML
544232,INTERARCH
544231,BROACH
544230,SSDL
544229,METALIETF
544227,UNIECOM
544226,FIRSTCRY
544225,OLAELEC
544224,AFCOM
544223,CEIGALL
544222,AKUMS
544221,KIZI
544220,CTLLAB
544219,VVIPIL
544218,ABSLPSE
544217,SANSTAR
544216,OILIETF
544215,SBINEQWETF
544214,THREEMPAPE
544213,ACLD
544212,EVINDIA
544210,EMCURE
544209,BANSALWIRE
544207,RELIABLE
544205,NPL
544204,VRAJ
544203,ABDL
544202,STANLEY
544201,DFPL
544200,AFIL
544199,GEMENVIRO
544198,DEEDEV
544197,RETAIL
544196,BBNPNBETF
544195,COTFAB
544194,TOP100CASE
544193,MID150CASE
544192,IXIGO
544191,PURPLEFIN
544190,3CIT
544189,SATTRIX
544188,MAGENTA
544187,KRONOX
544186,TOTEM
544185,ADTECH
544184,BOROSCI
544183,ASSOCIATED
544181,AWFIS
544180,MIDSMALL
544179,GODIGIT
544178,PIOTEX
544177,AZTEC
544176,AADHARHFC
544175,TGIF
544174,TBOTEK
544173,FTL
544172,INDGN
544171,STAL
544170,DKUAL
544169,AMKAY
544168,VARYAA
544167,JNKINDIA
544166,EMMFORCE
544165,SHIVAM
544164,FAALCON
544163,GVL
544162,BHARTIHEXA
544161,DPABHUSHAN
544160,JAYKAILASH
544158,SRM
544157,VRUDDHI
544156,GCONNECT
544151,CHATHA
544150,KPGEL
544149,KRYSTAL
544144,PVSL
544143,ROYAL
544142,SCILAL
544141,PESB
544140,GOPAL
544139,KOURA
544138,JGCHEM
544137,INDUSINVIT
544136,RKSWAMY
544135,MUKKA
544134,PLATIND
544133,EXICOM
544131,GPTHEALTH
544130,SMALLCAP
544129,JUNIPER
544124,VSTL
544123,LICNMID100
544122,ENTERO
544121,RUDRAGAS
544120,CAPITALSFB
544119,RPTECH
544118,JSFB
544117,SIGNPOST
544112,JGTL
544111,PARKHOTELS
544110,HDFCPSUBK
544109,HEALTHADD
544108,GPSL
544107,BLSE
544106,MCFL
544105,HARSHDEEP
544102,ITBETA
544101,BRISK
544100,NOVAAGRI
544095,EPACK
544094,EUPHORIAIT
544093,BANKBETF
544092,NIFTYBETF
544091,QLL
544090,SHPLPUNE
544088,MEDIASSIST
544083,SHREE
544082,SWANAGRO
544081,JYOTICNC
544080,SHILINDORE
544079,DIGIDRIVE
544074,SBVCL
544073,MCPL
544072,AIKPIPES
544067,INNOVACAP
544066,SUNCLAY
544061,AZAD
544060,RBZJEWEL
544059,SHANTIDENM
544058,MUFTI
544057,HAPPYFORGE
544056,SMARITIME
544055,MUTHOOTMF
544054,SURAJEST
544053,MOTISONS
544052,BENCHMARK
544047,SIYARAM
544046,INOXINDIA
544045,DOMS
544044,INDIASHLTR
544042,BAJEL
544037,AMIC
544036,DEEPAKCHEM
544035,SPL
544030,FLAIR
544029,GANDHAR
544028,TATATECH
544027,FEDFINA
544026,IREDA
544025,ARROWHEAD
544023,KALYANI
544022,ASKAUTOLTD
544021,PROTEAN
544020,ESAFSFB
544015,MISHDESIGN
544014,HONASA
544013,KKSHL
544012,CELLO
544011,VPL
544009,BLUEJET
544008,MAXESTATES
544007,ALPHAETF
544006,ITETF
544005,ISCITRUST
544004,IRMENERGY
544003,PLAZACABLE
544002,VIVAA
544001,SUNITATOOL
544000,CCAL
543999,SENSEXETF
543998,VALIANTLAB
543997,ORGANICREC
543996,UDS
543995,MVGJL
543994,JSWINFRA
543993,ARCL
543992,YATRA
543991,TECHKGREEN
543990,SIGNATURE
543989,KALAMANDIR
543988,NUVAMA
543986,SOUTHWEST
543985,ZAGGLE
543984,SAMHI
543983,EMSLIMITED
543982,QUESTFLOW
543981,RRKABEL
543980,JLHL
543979,KAHAN
543978,RATNAVEER
543977,RISHABH
543976,SHRAAITECH
543975,MIDCAPBETA
543974,VPRPL
543972,AEROFLEX
543971,BONDADA
543970,SHOORA
543969,PYRAMID
543965,TVSSCS
543963,SHELTER
543962,DPWIRES
543960,CONCORDBIO
543959,SBFC
543958,VLEGOV
543957,REDTAPE
543956,QUAL30IETF
543955,TREL
543954,ATL
543953,KHAZANCHI
543952,NIITMTS
543950,YATHARTH
543949,PVTBANKADD
543948,PSUBANKADD
543947,SENSEXADD
543945,NETWEB
543944,BANKETF
543943,ASARFI
543942,UTKARSHBNK
543941,AHASOLAR
543940,JIOFIN
543939,KAKA
543938,ACCELERATE
543937,ALPHAIND
543936,SENCO
543935,ITADD
543934,MACIND
543933,CYIENTDLM
543932,IDEAFORGE
543931,VEEFIN
543930,URAVIDEF
543929,HMAAGRO
543928,COSMICCRF
543927,ASIAN
543926,BIZOTIC
543925,MIT
543924,SONALIS
543923,IKIO
543921,COMRADE
543920,CFF
543919,MKPL
543918,GHCLTEXTIL
543917,SIGMA
543916,HSIL
543915,PAVNAIND
543914,SWATIPRO
543913,NXST
543912,PIGL
543911,ATALREAL
543910,AVG
543905,INNOKAIZ
543904,MANKIND
543902,RETINA
543901,RHL
543899,CUBEINVIT
543898,BLAL
543897,SANCODE
543896,AVALON
543895,EXHICON
543874,MAIDEN
543861,USK
543860,JAFINANCE
543859,DIGIFIBRE
543858,LOWVOL
543853,AXSENSEX
543848,DEVLAB
543843,COMMAND
543831,BRIGHT
543830,LABELKRAFT
543829,GSLSU
543828,SUDARSHAN
543819,PSUBNKIETF
543814,PCL
543812,DIVGIITTS
543811,AIRAN
543806,ITCONS
543805,RESGEN
543804,AMANAYA
543799,SVJ
543798,PATRON
543787,ROBU
543782,SEALMATIC
543776,HDFCMID150
543775,HDFCSML250
543774,HDFCBSE500
543769,INDONG
543768,NSLNISP
543767,BTML
543766,ASHIKA
543765,EARTH
543754,TRANSVOY
543753,DHARNI
543748,AARTIPHARM
543747,KAMOPAINTS
543746,LOGICA
543745,SVS
543744,REXSEAL
543743,AERONEU
543738,BANKADD
543737,AVEER
543732,RADIANTCMS
543725,ELIN
543720,KFINTECH
543714,LANDMARK
543713,DRONACHRYA
543712,AFSL
543711,SULA
543710,COMMOIETF
543709,GARGI
543689,UNIPARTS
543688,SARVESHWAR
543687,DHARMAJ
543686,SIRCA
543678,AMBOAGRI
543677,FINIETF
543671,AAATECH
543670,VINNY
543669,RUSTOMJEE
543668,BBTCL
543667,INOXGREEN
543666,HDFCPVTBAN
543665,HDFCNIFIT
543664,KAYNES
543663,FIVESTAR
543657,ACI
543656,TECHNOPACK
543655,ANZEN
543654,MEDANTA
543653,BIKAJI
543652,FUSION
543651,DAPS
543650,DCXINDIA
543645,HPIL
543644,INFOBEAN
543643,NARMADA
543638,TRACXN
543637,PACE
543636,DCI
543635,PPLPHARMA
543628,HDFCMOMENT
543627,HDFCLOWVOL
543626,EMIL
543623,VEDANTASSET
543622,STML
543621,CARGOSOL
543620,INA
543619,CNCRD
543618,CARGOTRANS
543617,REETECH
543616,TLL
543615,SRSOLTD
543614,TIPSFILMS
543613,MAFIA
543608,HDFCVALUE
543607,HDFCGROWTH
543606,CONTAINE
543605,HDFCQUAL
543600,HARSHA
543599,KSOLVES
543598,SISL
543597,VOEPL
543596,TMB
543595,EPBIO
543594,DPL
543593,DBOL
543591,DREAMFOLKS
543590,RHETAN
543578,OLATECH
543577,MOQUALITY
543576,MOVALUE
543575,MOMENTUM
543574,NIFTYQLITY
543573,SYRMA
543571,INFRAIETF
543570,HDFCNEXT50
543569,HDFCNIF100
543568,MOM30IETF
543563,MOHEALTH
543547,DDEVPLSTIK
543546,HEALTHYLIFE
543545,VEERKRUPA
543544,JAYANT
543543,BRRL
543542,KESAR
543541,SAILANI
543540,PGCRL
543539,MODIS
543538,GOEL
543537,SCARNOSE
543536,SILVERPRL
543535,WEWIN
543534,AETHER
543533,EMUDHRA
543532,ETHOSLTD
543531,TIERRA
543530,PARADEEP
543529,DELHIVERY
543528,VENUSPIPES
543527,PRUDENT
543526,LICI
543525,SILVERTUC
543524,RAINBOW
543523,CAMPUS
543522,NVENTURES
543521,FONE4
543520,GLHRL
543519,SFSL
543518,EIGHTY
543517,HARIOMPIPE
543516,DHYAANITR
543515,SEML
543514,VERANDA
543513,UMAEXPORTS
543512,AVROIND
543501,MOLOWVOL
543500,EVOQ
543499,ACHYUT
543498,MSUMI
543497,BCCL
543490,GMRP&UI
543489,GATEWAY
543482,EUREKAFORB
543481,MIDCAPETF
543475,EKENNIS
543474,BSLNIFTY
543473,HEALTHY
543472,TECH
543470,SOFTTECH
543465,MOMOMENTUM
543464,SPITZE
543463,MANYAVAR
543462,DEVIT
543461,SSTL
543460,QRIL
543458,AWL
543454,MAKEINDIA
543453,ALKOSIGN
543450,AUTOIETF
543449,WEL
543444,FABINO
543442,BCONCEPTS
543441,CMSINFO
543440,NIFTYADD
543438,MIDQ50ADD
543437,MONQ50
543435,CLARA
543434,SUPRIYA
543433,HPAL
543428,DATAPATTNS
543427,MEDPLUS
543426,METROBRAND
543425,MAPMYINDIA
543420,JETFREIGHT
543419,SHRIRAMPPS
543417,RATEGAIN
543416,ZODIAC
543415,ANANDRATHI
543414,MAHKTECH
543413,TEGA
543412,STARHEALTH
543411,HITECH
543410,DMR
543401,GOCOLORS
543400,OMNIPOTENT
543399,TARSONS
543398,LATENTVIEW
543397,SAPPHIRE
543396,PAYTM
543391,SGFRL
543390,POLICYBZR
543389,SIGACHI
543388,EQUAL50ADD
543387,SJS
543386,FINOPB
543385,NHIT
543384,NYKAA
543383,CONSUMIETF
543377,ADISHAKTI
543376,SAMOR
543375,PROMAX
543374,ABSLAMC
543373,SVRL
543372,GETALONG
543367,PARAS
543366,SBLI
543365,MASPTOP50
543364,MARKOLINES
543363,PREVEST
543358,SANSERA
543357,AXISCETF
543352,POBS
543350,VIJAYA
543349,ACUTAAS
543348,AXISHCETF
543347,AXISTECETF
543346,AASHKA
543341,SHARPLINE
543336,CHEMPLASTS
543335,APTUS
543334,NUVOCO
543333,CARTRADE
543332,EPIGRAL
543331,MOL
543330,DEVYANI
543329,WINDLAS
543328,KRSNAA
543327,EXXARO
543326,FMCGIETF
543325,ROLEXRINGS
543324,GCSL
543323,BFSI
543322,ALIVUS
543321,TATVA
543320,ETERNAL
543319,AAPLUSTRAD
543318,CLEAN
543317,GRINFRA
543312,FOCUS
543311,IPL
543310,TIMESGREEN
543309,ADESHWAR
543308,KIMS
543306,DODLA
543300,SONACOMS
543299,SHYAMMETL
543298,VINEETLAB
543292,HEALTHIETF
543291,MAFANG
543290,PGINVIT
543288,DEEPINDS
543287,LODHA
543286,JETMALL
543285,RCAN
543284,EKI
543283,UFBL
543281,SUVIDHAA
543280,NAZARA
543279,SURYODAY
543278,KALYANKJIL
543277,LXCHEM
543276,CRAFTSMAN
543275,ANURAS
543273,KMEW
543272,EASEMYTRIP
543271,JUBLINGREA
543270,MTARTECH
543268,DRCSYSTEMS
543267,DAVANGERE
543266,HERANBA
543265,RAILTEL
543264,NURECA
543263,SMCGLOBAL
543262,MRP
543261,BIRET
543260,STOVEKRAFT
543259,HOMEFIRST
543258,INDIGOPNTS
543257,IRFC
543256,RFLL
543255,INFRABEES
543254,AWHCL
543253,BECTORFOOD
543252,FAIRCHEMOR
543251,RVHL
543249,TARC
543248,RBA
543246,ESG
543245,GLAND
543244,SHINEFASH
543243,EQUITASBNK
543242,HEMIPROP
543241,VGIL
543240,LIKHITHA
543239,GMPL
543238,UTIAMC
543237,MAZDOCK
543236,ATAM
543235,ANGELONE
543234,SECMARK
543233,CHEMCON
543232,CAMS
543231,ADL
543230,ADVAIT
543229,SAMRATFORG
543228,ROUTE
543227,HAPPSTMNDS
543226,BANKBETA
543225,ALTIUSINVIT
543224,HDFCNIFBAN
543223,MAXIND
543221,ITIETF
543220,MAXHEALTH
543219,ALPL30IETF
543218,SBGLP
543217,MINDSPACE
543214,NDRAUTO
543213,ROSSARI
543212,BOROLTD
543211,BONLON
543210,AARTISURF
543209,BILLWIN
543208,REGIS
543207,NATURAL
543193,DJML
543187,POWERINDIA
543186,11DPD
543185,11AQR
543184,11AQD
543183,11AMR
543182,11AMD
543181,11AGG
543180,11ADR
543179,11ADD
543178,11QPR
543177,11QPD
543176,11MPR
543175,11MPD
543174,11GPG
543173,11DPR
543172,COSPOWER
543171,ROJL
543170,08ADD
543169,08DPR
543168,08AQR
543156,08DPD
543155,08AQD
543154,08QPR
543153,08AGG
543152,08QPD
543151,08ABB
543150,08GPG
543149,08BPB
543148,08AMR
543147,08AMD
543146,08MPR
543145,08ADR
543144,08MPD
543066,SBICARD
543065,SMAUTO
543064,COHANCE
542938,OCTAVIUSPL
542934,CBPL
542933,UNIVPHOTO
542931,VARDHANCFL
542922,NEXT50
542921,MIDCAPIETF
542920,SUMICHEM
542919,ARTEMISMED
542918,GIANLIFE
542911,ASSAMENT
542907,PRINCEPIPE
542906,EASUN
542905,HINDWAREAP
542904,UJJIVANSFB
542867,CSBBANK
542865,ANUROOP
542864,MOUNT
542863,ABSLBANETF
542862,SHAHLON
542857,GREENPANEL
542852,VISHWARAJ
542850,GOBLIN
542830,IRCTC
542812,FLUOROCHEM
542803,VEL
542802,GALACTICO
542801,MISQUITA
542774,MUFIN
542773,IIFLCAPS
542772,360ONE
542771,NOVATEOR
542770,ALPHALOGIC
542760,SWSOLAR
542759,SPANDANA
542758,PVTBANIETF
542752,AFFLE
542747,SNXT50BEES
542730,BANKIETF
542729,DCMNVL
542728,SKIEL
542727,CPML
542726,INDIAMART
542725,SBC
542721,ARL
542694,PARSHVA
542685,DGCONTENT
542684,PPL
542682,HARISH
542679,DEL
542678,CHCL
542670,AEPL
542669,BMW
542668,EVANS
542666,GKP
542665,NEOGEN
542655,VIKASLIFE
542654,VRFILMS
542652,POLYCAB
542651,KPITTECH
542650,METROPOLIS
542649,RVNL
542628,NSL
542627,CHANDNIMACH
542602,EMBASSY
542599,ROOPSHRI
542597,MSTCLTD
542592,HBEL
542580,AARTECH
542579,AGOL
542544,JYOTIN
542543,ENERGYINF
542524,AIHL
542513,SNXT50BETA
542503,MAHIP
542484,ARVINDFASN
542477,GLAAMUP
542460,ANUP
542459,KRANTI
542446,JONJUA
542437,ANMOL
542399,CHALET
542383,RITCO
542376,SPACAPS
542367,XELPMOC
542351,GLOSTERLTD
542337,SPENCERS
542333,RPSGVENT
542332,HIKLASS
542323,KPIGREEN
542285,AXITA
542248,DECCAN
542233,TREJHARA
542232,SRD
542231,NILASPACES
542230,ABSLNN50ET
542216,DALBHARAT
542206,NIVAKA
542176,ARYAN
542155,DGL
542146,SKIFL
542145,RONI
542141,TECHNOE
542131,NIFTYETF
542123,PHOSPHATE
542066,ATGL
542057,BCPL
542046,VIVIDM
542034,SMGOLD
542025,SUNRETAIL
542020,AKI
542019,SHUBHAM
542013,DOLFIN
542012,A1L
542011,GRSE
541988,AAVAS
541983,INNOVATIVE
541974,MANORAMA
541973,MACH
541972,SETFSN50
541967,SKYGOLD
541956,IRCON
541945,RANJEET
541929,SGIL
541890,SPACEINCUBA
541865,ASRL
541809,NEXT50IETF
541799,SMEL
541778,DEEP
541771,AMINTAN
541770,CREDITACC
541741,FRATELLI
541735,VIVANTA
541729,HDFCAMC
541703,RACONTEUR
541702,ASHNI
541701,SUPERSHAKT
541634,RAWEDGE
541633,STRAEXPO
541627,GUJWIND
541601,RAJNISH
541578,VARROC
541557,FINEORG
541556,RITES
541546,GAYAHWS
541540,SOLARA
541503,UNICK
541450,ADANIGREEN
541445,WAA
541444,PALMJEWELS
541418,NGIL
541403,DOLLAR
541402,AFFORDABLE
541400,ZIMLAB
541358,UCIL
541353,INNOVATORS
541352,MEGASTAR
541347,PARVATI
541338,UHZAVERI
541337,MILEFUR
541336,INDOSTAR
541313,BSE500IETF
541304,INDOUS
541303,AKSHAR
541302,DHRUV
541301,ORIENTELEC
541300,INTERISE
541299,DLCL
541276,HARDWYN
541269,CHEMFAB
541233,LEMONTREE
541228,TRL
541206,OBCL
541196,LEX
541195,MIDHANI
541178,BENARA
541167,YASHO
541163,SANDHAR
541154,HAL
541153,BANDHANBNK
541152,GOYALALUM
541144,ACTIVE
541143,BDL
541133,ACFL
541112,SHREESHAY
541096,BPLPHARMA
541083,INFLAME
541019,HGINFRA
541006,ANGEL
541005,KANCOTEA
540980,YSL
540975,ASTERDM
540961,SHIVAMILLS
540956,BHATIA
540954,IWP
540953,KENVI
540952,LAL
540938,GUJHYSPIN
540937,MEDICO
540936,GGL
540935,GALAXYSURF
540923,ASHOKAMET
540914,SRUSTEELS
540904,TIRUFOAM
540902,AMBER
540901,PRAXIS
540900,NEWGEN
540879,APOLLO
540874,7SEASL
540850,JFL
540843,RITHWIKFMS
540829,CHANDRIMA
540824,ASTRON
540821,CRYSTAL
540811,DML
540809,MRCAGRO
540797,SHALBY
540796,RATNABHUMI
540795,DYCL
540789,DNAMEDIA
540788,ASPIRA
540787,ICICIB22
540786,SHARIKA
540782,SBRANDS
540777,HDFCLIFE
540776,5PAISA
540775,KHADIM
540774,IFGLEXPOR
540769,NIACL
540768,MAHLOG
540767,NAM-INDIA
540762,TIINDIA
540757,SCPL
540756,KAARYAFSL
540755,GICRE
540750,IEX
540749,MASFIN
540743,GODREJAGRO
540738,STL
540737,SGRL
540735,IRIS
540730,MEHAI
540729,VANTABIO
540728,SAYAJIIND
540727,POOJA
540726,TTFL
540725,SHAREINDIA
540724,DIAMONDYD
540719,SBILIFE
540718,AAYUSHBULL
540717,PQIF
540716,ICICIGI
540710,CAPACITE
540709,RHFL
540704,MATRIMONY
540703,PROCLB
540702,LASA
540701,DCAL
540700,BRNL
540699,DIXON
540696,KCDGROUP
540694,ANG
540693,SHISHIND
540692,APEX
540691,ABCAPITAL
540686,SMRUTHIORG
540681,CHOTHANI
540680,KIOCL
540679,HALEOSLABS
540678,COCHINSHIP
540673,SIS
540669,NEXT50BETA
540654,GSTL
540652,CTCL
540651,JIGAR
540650,MAGADSUGAR
540649,AVADHSUGAR
540648,PALASHSECU
540647,GANGESSECU
540642,SALASAR
540615,7NR
540614,GGENG
540613,GEL
540612,LOWVOLIETF
540611,AUBANK
540602,GTPL
540597,CONTAINER
540596,ERIS
540595,TEJASNET
540590,RIDDHICORP
540575,STARCEMENT
540570,VARIMAN
540565,INDIGRID
540550,YUG
540545,GKL
540544,PSPPROJECT
540530,HUDCO
540526,IRBINVIT
540519,MEERA
540515,KANUNGO
540497,SCHAND
540492,STARLENT
540481,CLFL
540468,KMSMEDI
540467,PARMSILK
540455,ESCORP
540425,SHANKARA
540416,OCTAWARE
540405,OCEANIC
540404,PRIMEFRESH
540403,CLEDUCATE
540402,MANAS
540401,MAXIMUS
540396,MANOMAY
540395,CHEMCRUX
540393,SMLT
540386,ONTIC
540377,IFL
540376,DMART
540366,RADIOCITY
540361,DANUBE
540360,LLFICL
540359,PARMAX
540358,RMC
540332,TANVI
540318,SUERYAAKNI
540311,JITFINFRA
540293,PRICOLLTD
540270,RAIDEEPIND
540269,SKL
540268,TRU
540267,FLORACORP
540266,GLCL
540259,SHANGAR
540254,MTPL
540252,VSL
540243,NEWLIGHT
540222,LAURUSLABS
540221,SHASHANK
540212,TCIEXP
540210,HEADSUP
540205,AVL
540204,EIKO
540203,SFL
540199,CMBL
540198,OSIAJEE
540192,LKPSEC
540190,FRANKLININD
540189,UPROTECH
540181,SALEM
540180,VBL
540175,REGENCY
540174,SOUTHERNIN
540173,PNBHOUSING
540168,SUPRAPFSL
540159,PURPLE
540154,IDFSENSEXE
540153,ENDURANCE
540151,DIKSAT
540150,MHEL
540148,BINDALEXPO
540147,SHASHIJIT
540146,ACML
540145,VALIANTORG
540144,DRA
540143,SAGARSOFT
540136,HPL
540135,ARCFIN
540134,IISL
540133,ICICIPRULI
540132,SIIL
540125,RADHIKAJWE
540124,GNA
540115,LTTS
540097,GAMCO
540083,TVVISION
540082,RSTL
540080,DHATRE
540079,SPRAYKING
540078,MITSU
540073,BLS
540072,SHIVAEXPO
540066,AMS
540065,RBLBANK
540063,ECS
540062,GOLDENCREST
540061,BIGBLOC
540048,SPAL
540047,DBL
540026,LAHL
540025,ADVENZYMES
540023,COLORCHIPS
540008,BSLSENETFG
540006,EASTWEST
540005,LTM
539997,KPL
539992,LLOYDSENGG
539991,CFEL
539986,COMSYN
539985,TITAANIUM
539983,SIDH
539980,MIDSELIETF
539979,DIGJAMLMTD
539978,QUESS
539963,ZEAL
539957,MGL
539956,TAALTECH
539946,BAZELINTER
539945,NV20IETF
539939,YASHCHEM
539938,MIL
539927,LIKHAMI
539922,RGIL
539921,SEIL
539917,NAGAFERT
539911,SNIM
539900,DIDL
539895,SPICELOUNG
539894,MADHAVIPL
539889,PARAGMILK
539884,DARSHANORNA
539883,PILANIINVS
539876,CROMPTON
539875,RSDFIN
539872,BAJAJHCARE
539871,THYROCARE
539864,GHUSHINE
539854,HALDER
539843,NINSYS
539841,LANCER
539839,FRANKLIN
539837,RPEL
539835,SUPERIOR
539834,BALGOPAL
539819,MUDRA
539814,LELAVOIR
539807,CCAVENUE
539800,CHDCHEM
539799,BHARATWIRE
539798,UMIYA
539788,KDML
539787,HCG
539785,PDMJEPAPER
539784,LICNFNHGP
539773,ADVIKCA
539770,DARJEELING
539767,MNIL
539762,MEAPL
539761,VKAL
539760,RELICAB
539730,FREDUN
539725,GOKULAGRO
539724,HYPERSOFT
539697,HILIKS
539692,IFINSER
539691,RGCORP
539686,KPEL
539683,SHIVKAMAL
539682,MOBAVENUE
539681,DAL
539680,GANGAPHARM
539679,KAPILRAJ
539678,QUICKHEAL
539673,RCL
539669,RGF
539662,BFLAFL
539661,ACEMEN
539660,BESTAGRO
539659,KAMATS
539658,TEAMLEASE
539636,PRECAM
539620,KEIL
539607,BLUECLOUDS
539599,KEL
539598,CGFL
539596,DELTA
539594,MISHTANN
539593,SHIVA
539562,AARNAV
539560,ABHIJIT
539559,DEEPAI
539552,FMEC
539551,NH
539546,AGRIBIO
539545,APOORVA
539544,ABHIINFRA
539543,VALLEY
539542,LUXIND
539533,ELITECON
539528,AAYUSH
539527,CREATIVE
539526,SCTL
539524,LALPATHLAB
539523,ALKEM
539522,GROVY
539521,NAVIGANT
539519,SATTVASUKU
539518,UDAYJEW
539517,HDFCSENSEX
539516,HDFCNIFTY
539515,QUINT
539506,ADCON
539495,RAJKOTINV
539494,SMARTFIN
539492,GARBIFIN
539488,TFLL
539487,LICNETFSEN
539480,LICNETFN50
539479,GTV
539470,SHREEGANES
539469,PANORAMA
539468,TFSL
539455,ARYAVAN
539450,SHK
539449,IGCIL
539448,INDIGO
539437,IDFCFIRSTB
539436,COFFEEDAY
539435,RFSL
539434,BRIPORT
539428,TEJNAKSH
539409,NEERAJ
539408,KUBERJI
539407,GENCON
539406,SWAGTAM
539405,DITCO
539404,SATIN
539402,NAKSH
539401,PJL
539400,MALLCOM
539399,BELLACASA
539398,VISHALBL
539393,KCL
539391,ACME
539383,MAHAVEER
539359,PRITIKAUTO
539354,POLYSPIN
539353,SALAUTO
539352,PBFL
539346,SADBHIN
539337,WAAREE
539336,GUJGASLTD
539335,CALLISTA
539334,SHREEPUSHK
539332,NAVKARCORP
539331,VETO
539314,UNIAUTO
539313,NIFTYBETA
539312,SENSEXBETA
539310,THINKINK
539309,RAMASTEEL
539302,POWERMECH
539301,ARVSMART
539300,SUNRAKSHAK
539290,OSWALGREEN
539289,AURUM
539288,AVI
539287,ORTINGLOBE
539278,SYMBIOX
539277,ALSTONE
539276,KAYA
539275,MSL
539273,PECOS
539268,SYNGENE
539267,SAMSRITA
539265,AMRAFIN
539255,STARDELTA
539254,ADANIENSOL
539253,SURYAINDIA
539252,SHYAMCENT
539251,BALKRISHNA
539230,CHEMIESYNT
539228,GGPL
539227,LOYAL
539226,RUDRA
539222,GROWINGTON
539221,SPORTKING
539220,MISHKA
539219,MUL
539218,SAUMYA
539217,SRESTHA
539216,GARMNTMNTR
539206,GVBL
539201,SATIA
539200,NOBPOL
539199,SGFIN
539196,AEL
539195,POEL
539190,DFL
539189,ADHBHUTIN
539177,AIIL
539176,HAWAENG
539175,BLUEGOD
539174,HELPAGE
539167,VLL
539151,ARFIN
539150,PNCINFRA
539149,ICSL
539148,SHIVALIK
539143,PANTH
539141,UFO
539132,WARDWIZFBL
539126,MEP
539124,SARVOTTAM
539123,VBIND
539122,BODHTREE
539121,PALCO
539120,GRAMEVA
539119,JAINMARMO
539118,VRLLOG
539117,SUJALA
539116,OPCHAINS
539115,ALANSCOTT
539113,PML
539112,SAB
539111,SHESHAINDS
539110,NORTHLINK
539099,ATHCON
539098,FILTRA
539097,URSUGAR
539091,CCDL
539090,RAJPUTANA
539083,INOXWIND
539056,IMAGICAA
539046,MANAKCOAT
539045,MANAKALUCO
539044,MANAKSTEEL
539042,AGIIL
539041,GANVERSE
539040,TIRUPATIIN
539031,SETFBSE100
539026,SSPNFIN
539018,BEEKAY
539017,STARHFL
539016,NEIL
539015,ORTEL
539014,KALPACOMME
539013,GITARENEW
539012,MEGRISOFT
539011,CHENFERRO
539006,PTCIL
539005,JAYATMA
538993,PUROHITCON
538992,SAPL
538987,TALBROSENG
538979,GREENLAM
538975,SHREESEC
538970,WARDINMOBI
538965,CONCORD
538964,MERCURYLAB
538962,MINDACORP
538961,GENUSPAPER
538952,ALFL
538943,SONAL
538942,MERCANTILE
538935,ABHIFIN
538928,KARNAVATI
538926,NAPL
538923,SOFCOM
538922,COSYN
538921,RAFL
538920,VINCOFE
538919,SKILVEN
538918,VANICOM
538902,DTIL
538896,KANCHI
538895,MIHIKA
538894,OCTAL
538891,MCLOUD
538890,MKEXIM
538882,EMERALD
538881,GALADAFIN
538875,SELLWIN
538874,NEXUSSURGL
538868,CSL
538863,AMARNATH
538862,MYMONEY
538860,PANAFIC
538857,SCC
538838,ICL
538837,JSTL
538836,MONTECARLO
538835,INTELLECT
538834,JMJFIN
538833,KAIZENAGRO
538817,CAPPIPES
538795,SAPPL
538794,JETSOLAR
538788,GILADAFINS
538787,GBFL
538778,KALYANCAP
538777,ASIACAP
538772,NIYOGIN
538770,CRANEINFRA
538765,JSHL
538743,MUDUNURU
538742,PANABYTE
538734,CEINSYS
538732,VGCL
538731,HANMAN
538730,PDSL
538716,ARYACAPM
538715,DHABRIYA
538714,SANGAMFIN
538713,ATISHAY
538708,ETIL
538707,RCCL
538706,ULTRACAB
538685,SHEMAROO
538683,SENSEXBEES
538674,CITYONLINE
538668,MIIL
538667,SIROHIA
538666,SHARDACROP
538652,HCLTD
538647,PURSHOTTAM
538646,QGO
538635,SNOWMAN
538634,VRL
538633,NCAPBUILBG
538632,NCAPBUILBD
538631,NCAPBULBDG
538630,NCAPBULBDD
538611,RTFL
538610,UNISON
538609,GAJANANSEC
538607,TOYAMSL
538598,VISHAL
538597,TTIENT
538596,CEMAINFRA
538594,NCAPBUILAG
538593,NCAPBUILAD
538592,NCAPBULADG
538591,NCAPBULADD
538579,ZINEMA
538576,BHANDERI
538569,TRIVENIENT
538568,FRUTION
538567,GULFOILLUB
538565,VISTARAMAR
538564,JAMESWARREN
538563,SMTEL
538562,SKIPPER
538556,ARMAN
538546,BRPL
538540,RLFL
538539,ANVRDHI
538521,YAANENT
538520,SBL
538496,TARINI
538476,CTL
538465,AMARSEC
538464,TPROJECT
538451,WORTH
538446,MONEYBOXX
538422,JACKSON
538401,METSL
538395,NAM
538382,WESTLEIRES
538365,INCREDIBLE
538351,AFEL
538319,GCMCAPI
538273,RESPONSINF
538268,WONDERLA
538212,SHARPINV
538119,RNBDENIMS
538092,VASUPRADA
538081,HARIAAPL
538057,CPSEETF
537985,INFRONICS
537840,RAUNAQ
537839,HBGHOTELS
537820,VIJIFIN
537800,MANGIND
537785,RACE
537784,KCSL
537766,BCP
537750,KIRANVYPAR
537709,HANSUGAR
537708,NIFTY1
537707,LADDU
537669,LAXMIPATI
537582,UNISHIRE
537573,POLYMAC
537536,DENISCHEM
537483,NIF100BEES
537326,CHEMTECH
537292,AGRITECH
537291,NATHBIOGEN
537259,SUYOG
537253,SUNLOC
537069,ARNOLD
537008,NIF100IETF
537007,NIFTYIETF
536974,CPL
536960,MOM100
536846,YURANUS
536773,JPOLYINVST
536738,STELLAR
536737,ACFSL
536710,SRGFFL
536709,INDRENEW
536672,VCU
536659,PVVINFRA
536565,NOVELIX
536507,FLFL
536493,JKAGRI
536264,TIGERLOGS
536073,JULIEN
535958,ESSENTIA
535917,GCMCOMM
535916,ALSL
535910,MMLF
535789,SAMMAANCAP
535755,ABFRL
535754,ORIENTCEM
535730,KHOOBSURAT
535719,AMPVOLTS
535693,BRAHMINFRA
535667,IFINSEC
535657,OONE
535648,JUSTDIAL
535647,SDC
535621,SVGLOBAL
535620,BINNYMILLS
535602,SHARDAMOTR
535601,SREEL
535566,KIFS
535514,PRIMECAPM
535458,NIBL
535431,GCMSECU
535387,LAKHOTIA
535322,REPCOHOME
535279,BMAL
535276,SBISENSEX
535267,COMFINCAP
535205,MYSTICELE
535204,MUKTA
535136,NIBE
534976,VMART
534920,COVIDH
534816,INDUSTOWER
534809,PCJEWELLER
534804,CARERATING
534796,CDG
534755,TRIOMERC
534748,STEELXIND
534742,ZUARI
534741,VIRTUALG
534733,AERPACE
534732,CASPIAN
534708,SHANTIGURU
534691,COMCL
534680,SRGHFL
534675,PROZONER
534674,DUCON
534659,JOINTECAED
534639,VINAYAKPOL
534623,JUPITERIN
534618,WAAREERTL
534615,NECCLTD
534612,AMTL
534600,JTLIND
534598,SAMPANN
534597,RTNINDIA
534532,LYPSAGEMS
534425,SPECIALITY
534422,LOOKS
534392,VSSL
534369,TBZ
534338,MAXHEIGHTS
534328,HEXATRADEX
534312,MTEDUCARE
534309,NBCC
534190,OLPCL
534139,SCHNEIDER
534109,PYXISFIN
534091,MCX
534076,RHIM
534064,AIML
534063,FUTSOL
534060,PMCFIN
533982,TERASOFT
533941,THOMASCOTT
533896,FERVENTSYN
533761,GPTINFRA
533758,APLAPOLLO
533704,ESSARSHPNG
533676,INDOTHAI
533655,TRITURBINE
533644,UEL
533638,FLEXITUFF
533632,ONELIFECAP
533629,TIJARIA
533608,RDBRL
533602,LESHAIND
533581,PGEL
533576,VASWANI
533573,APLLTD
533553,TDPOWERSYS
533552,RUPA
533543,BROOKS
533540,TREEHOUSE
533520,IBULLSLTD
533519,LTF
533506,INVENTURE
533482,KRIDHANINF
533477,ENKEIWHEL
533470,RUSHIL
533452,DELPHIFX
533451,KARMAENG
533427,VMS
533407,TRUEGREEN
533398,MUTHOOTFIN
533344,PFS
533343,LOVABLE
533339,ZENTEC
533336,DHUNINV
533333,FCL
533329,INDTERRAIN
533326,TEXRAIL
533316,STEL
533315,INOVSYNTH
533306,SUMMITSEC
533303,BFINVEST
533302,KICL
533301,SHEKHAWATI
533298,SURANASOL
533296,FMNL
533295,PSB
533294,RKDL
533293,KIRLOSENG
533292,A2ZINFRA
533289,KTIL
533287,ZEELEARN
533286,MOIL
533285,RDBIPL
533284,RPPINFRA
533282,GRAVITA
533278,COALINDIA
533275,SHAH
533274,PRESTIGE
533273,OBEROIRLTY
533272,JWL
533271,ASHOKA
533270,BEDMUTHA
533269,WABAG
533268,SEATV
533267,CANTABIL
533263,GREENPOWER
533262,RAMKY
533260,CPCAP
533259,HEALTHX
533257,WAAREEINDO
533252,WELINV
533248,GPPL
533239,PRAKASHSTL
533229,BAJAJCON
533227,AHLEAST
533221,AHLWEST
533218,EMAMIREAL
533217,HMVL
533212,GKB
533210,KRITINUT
533208,EMAMIPAP
533206,SJVN
533203,TARAPUR
533202,SATCH
533193,KECL
533192,KCPSUGIND
533181,ISFT
533179,PERSISTENT
533177,IL&FSTRANS
533170,TAMBOLIIN
533169,MANINFRA
533168,ROSSELLIND
533167,COROENGG
533166,SUNDARAM
533164,TEXMOPIPES
533162,HATHWAY
533161,EMMBI
533160,DBREALTY
533158,THANGAMAYL
533156,VASCONEQ
533155,JUBLFOOD
533152,MBLINFRA
533151,DBCORP
533150,GODREJPROP
533149,YUNIKM
533148,JSWENERGY
533146,DLINKINDIA
533138,ASTEC
533137,DEN
533122,RTNPOWER
533121,EXPLEOSOL
533110,SPSL
533108,BTTL
533107,SWANDEF
533106,OIL
533104,GLOBUSSPR
533101,SURYAAMBA
533100,PEIL
533098,NHPC
533096,ADANIPOWER
533095,BENGALASM
533093,ROML
533090,LANDSMILL
533088,MHRIL
533080,MOLDTKPAC
533056,VEDAVAAG
533048,TPHQ
533047,IMFA
533033,ISGEC
533029,ALKALI
533023,ZFCVINDIA
533022,20MICRONS
533019,SIMPLXPAP
533014,SICAGEN
533012,LPDC
533007,LGBFORGE
533001,SOMICONVEY
532998,LOTUSEYE
532994,ARCHIDPLY
532993,SEJALLTD
532992,CHLLTD
532989,BAFNAPH
532986,NIRAJ
532985,SENSEX1
532983,RPGLIFE
532980,GOKUL
532978,BAJAJFINSV
532977,BAJAJ-AUTO
532976,JAIBALAJI
532975,TELOGICA
532974,BIRLAMONEY
532967,KIRIINDUS
532966,TITAGARH
532957,GOKAKTEX
532955,RECLTD
532953,VGUARD
532952,NAHARCAP
532951,GSS
532947,IRB
532946,BANG
532945,SEPC
532944,ONMOBILE
532942,KNRCON
532941,CORDSCABLE
532940,JKIL
532939,RPOWER
532937,KUANTUM
532935,ARIES
532934,PPAP
532933,PORWAL
532932,MANAKSIA
532930,BGRENERGY
532929,BRIGADE
532928,TARIL
532927,ECLERX
532926,JYOTHYLAB
532925,KAUSHALYA
532924,KOLTEPATIL
532923,RGL
532922,EDELWEISS
532921,ADANIPORTS
532918,RATHIBAR
532916,BVCL
532915,RELIGARE
532911,PARLEIND
532907,IL&FSENGG
532906,MAANALU
532904,SUPREMEINF
532902,CCCL
532900,PAISALO
532899,KSCL
532898,POWERGRID
532896,MAGNUM
532895,NAGREEKCAP
532894,INDOWIND
532893,VTMLTD
532892,MOTILALOFS
532891,PURVA
532890,TAKE
532889,KPRMILL
532888,ASIANTILES
532886,SELMC
532885,CENTRALBK
532884,REFEX
532880,OMAXE
532879,SSLEL
532878,ALPA
532875,ADSL
532873,HDIL
532872,SPARC
532870,ANKITMETAL
532869,TARMAT
532868,DLF
532867,V2RETAIL
532864,NELCAST
532859,HGS
532856,TIMETECHNO
532855,HARYNACAP
532853,ASAHISONG
532851,INSECTICID
532850,MICEL
532848,DELTACORP
532847,HILTON
532845,TGBHOTELS
532843,FORTIS
532842,SRHHYPOLTD
532841,SAHYADRI
532839,DISHTV
532835,ICRA
532834,CAMLINFINE
532832,EMBDL
532830,ASTRAL
532829,LEHAR
532828,AMDIND
532827,PAGEIND
532826,RAJTV
532825,JAGJANANI
532822,IDEA
532820,ELAND
532817,ORIENTALTL
532815,SMSPHARMA
532814,INDIANB
532812,TFL
532811,AHLUCONT
532810,PFC
532809,FSL
532808,PGIL
532807,CINELINE
532806,AICHAMP
532805,REDINGTON
532804,TIIL
532801,CTE
532799,HUBTOWN
532798,NETWORK18
532797,AUTOIND
532796,LUMAXTECH
532795,SITINET
532794,ZEEMEDIA
532790,TANLA
532785,RUCHIRA
532784,SOBHA
532783,LTFOODS
532782,SUTLEJTEX
532780,PARSVNATH
532779,TORNTPOWER
532777,NAUKRI
532776,SHIVAMAUTO
532775,GTLINFRA
532774,INSPIRISYS
532773,GLOBALVECT
532772,DCBBANK
532771,JHS
532768,FIEMIND
532767,GAYAPROJ
532764,GEECEE
532762,ACE
532761,HGM
532759,ATLANTAA
532757,VOLTAMP
532756,CIEINDIA
532755,TECHM
532754,GMRAIRPORT
532749,ALLCARGO
532748,PFOCUS
532744,GTNTEX
532742,PAUSHAKLTD
532741,KAMDHENU
532740,LOKESHMACH
532738,TICL
532737,EMKAY
532735,RSYSTEMS
532734,GPIL
532733,SUNTV
532732,KKCL
532730,SGL
532729,UTTAMSUGAR
532728,MALUPAPER
532726,GALLANTT
532725,SOLARINDS
532723,MPDL
532722,NITCO
532721,VISASTEEL
532720,M&MFIN
532719,BLKASHYAP
532717,INDOTECH
532716,GILLANDERS
532714,KEC
532713,SAKUMA
532712,RCOM
532710,SADBHAV
532708,GVKPIL
532707,DYNPRO
532705,JAGRAN
532701,CELLA
532700,ENIL
532699,ROHLTD
532698,NITINSPIN
532695,CELEBRITY
532694,ASMS
532689,PVRINOX
532687,REPRO
532686,KERNEX
532684,EKC
532683,AIAENG
532676,PBAINFRA
532674,BASML
532673,KMSUGAR
532670,RENUKA
532668,AURIONPRO
532667,SUZLON
532666,FCSSOFT
532663,SASKEN
532662,HTMEDIA
532661,RML
532660,VIVIMEDLAB
532656,FACORALL
532654,MCLEODRUSS
532652,KTKBANK
532651,SPLIL
532650,MSPL
532649,NECLIFE
532648,YESBANK
532645,BEEYU
532644,JKCEMENT
532642,JSWHL
532641,NDL
532640,CYBERMEDIA
532638,SHOPERSTOP
532637,MANGALAM
532636,IIFL
532633,ALLDIGI
532630,GOKEX
532628,3IINFOLTD
532627,JPPOWER
532626,POCL
532624,JINDALPHOT
532621,MORARJEE
532616,XCHANGING
532614,IMPEXFERRO
532613,VIPCLOTHNG
532612,INDOCO
532610,DWARKESH
532605,JBMA
532604,SALSTEEL
532555,NTPC
532553,WELENT
532548,CENTURYPLY
532543,GULFPETRO
532541,COFORGE
532540,TCS
532539,UNOMINDA
532538,ULTRACEMCO
532531,STAR
532529,NDTV
532528,DATAMATICS
532527,RKFORGE
532525,MAHABANK
532524,PTC
532523,BIOCON
532522,PETRONET
532521,PALREDTEC
532515,TVTODAY
532514,IGL
532513,TVSELECT
532509,SUPRAJIT
532508,JSL
532507,BAGFILMS
532505,UCOBANK
532504,NAVINFLUOR
532503,RAJPALAYAM
532500,MARUTI
532497,RADICO
532493,ASTRAMICRO
532488,DIVISLAB
532486,POKARNA
532485,BLIL
532483,CANBK
532482,GRANULES
532481,NOIDATOLL
532478,UBL
532477,UNIONBANK
532475,APTECHT
532470,MPFSL
532468,KAMAHOLD
532467,HAZOOR
532466,OFSS
532461,PNB
532460,PONNIERODE
532457,GULPOLY
532456,COMPINFO
532455,SHALIWIR
532454,BHARTIARTL
532444,TSPIRITUAL
532443,CERA
532440,MPSLTD
532439,OLECTRA
532432,UNITDSPR
532430,BFUTILITIE
532425,GENUSPRIME
532424,GODREJCP
532419,SMARTLINK
532416,NEXTMEDIA
532413,CEREBRAINT
532410,TRANSCOR
532408,SIGMAADV
532407,MOSCHIP
532406,AVANTEL
532404,7TEC
532402,USGTECH
532400,BSOFT
532398,UMESLTD
532397,KONNDOR
532395,AXISCADES
532392,CREATIVEYE
532390,TAJGVK
532388,IOB
532387,PNC
532386,CALSOFT
532384,TYCHE
532382,BALAJITELE
532380,BABA
532379,FIRSTFIN
532378,UNIVARTS
532376,UMIYA-MRO
532375,TIPSMUSIC
532374,STLTECH
532373,WEPSOLN
532372,VIRINCHI
532371,TTML
532370,RAMCOSYS
532369,RAMCOIND
532368,BCG
532366,PNBGILTS
532365,DSSL
532362,NAGPI
532359,HITKITGLO
532357,MUKTAARTS
532356,TRIVENI
532355,PICTUREHS
532354,VIRGOGLOB
532351,AKSHOPTFBR
532350,PADMALAYAT
532349,TCI
532348,SUBEXLTD
532344,MADALA
532343,TVSMOTOR
532341,IZMO
532340,OMNIAX
532339,COMPUSOFT
532335,AMBICAAGAR
532334,HBESD
532333,HBPOR
532332,CURAA
532331,AJANTPHARM
532329,DANLAW
532326,INTENTECH
532324,CINEVISTA
532323,SHIVACEM
532321,ZYDUSLIFE
532320,VAARAD
532315,GROARC
532313,MAHLIFE
532310,SHREERAMA
532309,GVPIL
532305,INDSWFTLAB
532304,KJMCCORP
532303,INTEGHIT
532300,WOCKPHARMA
532296,GLENMARK
532290,BLBLIMITED
532286,JINDALSTEL
532285,GEOJITFSL
532284,TCFCFINQ
532281,HCLTECH
532275,LANDMARC
532271,ORCHASP
532268,ACCELYA
532262,TCIIND
532259,APARINDS
532256,NSIL
532240,INDNIPPON
532234,NATIONALUM
532230,BENGALT
532221,SONATSOFTW
532219,ENERGYDEV
532218,SOUTHBANK
532217,CMXLTD
532216,HBSL
532215,AXISBANK
532212,ARCHIES
532210,CUB
532209,J&KBANK
532189,ITDC
532187,INDUSINDBK
532183,GAYATRI
532181,GMDCLTD
532180,DHANBANK
532178,ENGINERSIN
532175,CYIENT
532174,ICICIBANK
532173,CYBERTECH
532172,ADROITINFO
532167,OMKARPH
532163,SAREGAMA
532162,JKPAPER
532160,GUJSTATFIN
532159,TRESCON
532156,VAIBHAVGBL
532155,GAIL
532154,JOHNPHARMA
532150,INDRAMEDCO
532149,BANKINDIA
532145,HOTLSILV
532144,WELCORP
532143,SKMEGGPROD
532141,ACL
532140,MOHITE
532138,SMCREDT
532134,BANKBARODA
532131,TRIUMPIN
532124,RELIABVEN
532123,BSELALGO
532113,BRIJLEAS
532102,SBECSUG
532100,INDOCITY
532092,EPUJA
532090,ATVOENT
532083,SHKALYN
532078,MONIND
532070,SUMUKA
532067,3BBLACKBIO
532057,ABHICAP
532056,TRUSTEDGE
532054,KDDL
532053,WALLFORT
532051,SWELECTES
532042,FRONTCORP
532041,HINDBIO
532039,ZENOTECH
532029,SINDHUTRAD
532024,AARCON
532022,FILATFASH
532019,LCCINFOTEC
532016,ESPIRE
532015,GRAVITY
532011,POOJAENT
532007,SHVFL
532005,SAMINDUS
532001,INDCTST
531997,IKOMA
531996,ODYCORP
531991,AMRAAGRI
531989,DECPO
531982,SPECFOOD
531979,HINDALUMI
531978,AMBIKCO
531977,CHLOGIST
531971,HARIGOV
531968,IITLPROJ
531962,SHREMETAL
531959,NEWINFRA
531952,RIBATEX
531950,VERTEX
531946,CHADPAP
531944,LEXORAA
531936,BLUECHIP
531931,SAICAPI
531930,SARTHAKIND
531925,SHAQUAK
531923,DHAMPURE
531921,AGARIND
531918,HINDAPL
531913,GOPAIST
531911,GALAGEX
531910,JOJO
531909,CROISSANCE
531902,GALLOPENT
531900,CCLINTER
531893,SAWACA
531892,KHANDSE
531889,NWIL
531888,REXNORD
531885,SVAINDIA
531878,ANJANIFIN
531870,POPULARES
531869,SACHEMT
531867,UNITINT
531862,BHARATAGRI
531861,JOINDRE
531859,ORIRAIL
531847,ASTAR
531846,TRINITYLEA
531845,ZENITHSTL
531842,LAHOTIOV
531841,INDUSFINL
531840,IECEDU
531834,NATHUEC
531832,NAGTECH
531822,RODIUM
531821,MUNOTHFI
531814,TIRSARJ
531813,GANGAPA
531812,SGNTE
531810,METALCO
531802,PRERINFRA
531797,SCANPRO
531795,ATULAUTO
531784,KCLINFRA
531780,KACL
531779,PADALPO
531778,KACHCHH
531771,SHRADDHA
531769,PFLINFOTC
531768,POLYMED
531762,UNJHAFOR
531761,APOLLOPIPE
531758,GKCONS
531752,BIOGEN
531746,PRAENG
531744,GINISILK
531743,HIRAUTO
531739,GENNEX
531737,GREENCREST
531735,PRISMFN
531727,MENNPIS
531726,PANCHSHEEL
531723,GATECH
531719,BHAGCHEM
531717,VIDHIING
531716,TRICOMFRU
531696,VSDCONF
531694,RAINBOWF
531692,KHYATI
531688,PRITHVIEXCH
531685,FRONTFN
531681,AMERISE
531680,MAYUR
531676,EMROCK
531673,ANKIN
531672,INANISEC
531671,KARNAWATI
531668,VISIONCO
531667,RRMETAL
531663,YUVRAAJHPL
531661,HITTCO
531658,ABATEAS
531652,UVS
531651,NATGENI
531644,TOKYOFIN
531642,MARICO
531640,SICL
531638,SURAJLTD
531637,PRAVEG
531635,SILVOAK
531633,LINCOLN
531628,TEJASSVI
531626,OROSMITHS
531624,COUNCODOS
531616,STARCOM
531613,MAL
531610,UFMINDL
531609,KGPETRO
531608,GORANIN
531600,GOGIACAPGL
531599,FDC
531597,MIDPOLY
531595,CGCL
531594,INCON
531592,GENPHARMA
531591,BAMPSL
531585,DEVINE
531583,RAP
531582,BERYLSE
531578,KMFBLDR
531574,VASINFRA
531572,RANJITSE
531569,SANJIVIN
531568,ASHUTPM
531557,AMITSEC
531556,CORALFINAC
531553,DRL
531552,RAGHUTOB
531550,JHACC
531548,SOMANYCERA
531543,JINDWORLD
531540,MAINFRA
531539,RISHDIGA
531537,MIZVEN
531533,ACCEDERE
531531,HATSUN
531529,SOFTRAKV
531525,ACESOFT
531521,DESHRAK
531518,VIKASPROP
531512,ORIENTTR
531509,STEP2COR
531508,EVEREADY
531506,SKRABUL
531505,INDERGR
531503,MARIS
531502,ESARIND
531500,RAJESHEXPO
531499,SYBLY
531497,MADHUCON
531495,BLUECOAST
531494,NAVKARURB
531489,CGVAK
531486,FILME
531472,CYBELEIND
531471,DUKEOFS
531465,NOUVEAU
531463,GBLINFRA
531460,CONTICON
531458,BOSTON
531456,MINAXI
531454,POLYLINK
531453,MOHITIND
531449,GRMOVER
531441,LYONSCO
531439,GOLDTECH
531437,PWASML
531436,SAFFRON
531433,SUNGOLD
531432,SYTIXSE
531431,SHAKTIPUMP
531426,TNPL
531417,MEGACOR
531416,NARPROP
531413,KIRANPR
531412,RADIXIND
531411,TUNITEX
531406,ANSINDUS
531402,LWSKNIT
531400,ALMONDZ
531399,GGAUTO
531398,SOURCENTRL
531397,POLYCON
531396,WOMENNET
531395,PADAMCO
531390,UPSURGE
531387,HASTIFIN
531381,ARIHANT
531380,CSURGSU
531373,BYKE
531370,SPAR
531364,EKANSH
531360,GOLECHA
531359,SRAMSET
531358,CHOICEIN
531357,MERCURYEV
531352,PEETISEC
531349,PANACEABIO
531346,EASTRED
531344,CONCOR
531341,GUJINV
531340,BERVINL
531338,MILESTONE
531335,ZYDUSWELL
531334,VIKALPS
531328,KRETTOSYS
531324,ROSELABS
531323,JAYIND
531322,HAVISHA
531319,MGIL
531314,INTCAPL
531310,AVAILFC
531307,RRIL
531306,DHPIND
531304,NUTECGLOB
531301,TUSALDAH
531297,ARTEFACT
531289,NATFIT
531288,LEADFIN
531287,NATPLASTI
531286,ADHHATA
531283,CINDRELL
531281,MARBLE
531280,PANKAJPO
531279,TRISHAKT
531278,ELIXIR
531274,KINETRU
531273,RADHEDE
531272,NIKKIGL
531268,B2BSOFT
531266,VSTTILLERS
531262,EQUILATERA
531257,PRATIKSH
531255,PARAGONF
531254,OPTIFIN
531253,INDGELA
531246,PRIMAIN
531241,LINC
531237,DHRUVCA
531235,CITIPOR
531234,SCOOBEEDAY
531233,RASIELEC
531228,RANDER
531227,DECOMIC
531225,XTGLOBAL
531223,ANJANI
531221,MAYURFL
531219,SHYAMACOMP
531216,COMFINTE
531215,RTSPOWR
531213,MANAPPURAM
531212,NLFL
531210,COLINZ
531209,NUCLEUS
531205,SPRIGHT
531203,TRADEWELL
531201,SHILCTECH
531199,GLANCE
531190,EFORU
531179,ARMANFIN
531178,HEMANG
531176,MEFCOMCAP
531173,SYSCHEM
531169,SKPSEC
531168,ASSOCER
531163,KEMISTAR
531162,EMAMILTD
531161,ABMKNO
531158,CATVISION
531157,ORGCOAT
531156,ALFAVIO
531155,EPSOMPRO
531153,DILIGENT
531147,ALICON
531146,MEDICAMEQ
531144,ELFORGE
531137,GEMSI
531129,INANI
531127,MENAMANI
531126,KATIPATANG
531120,PATELENG
531119,CEENIK
531112,BALUFORGE
531111,GOTHIPL
531109,ISHANCH
531099,CHECKPOINT
531092,OMINFRAL
531091,UNITDCR
531083,NIHARINF
531082,ALANKIT
531080,SHRIKRISH
531069,VIJSOLX
531067,CONTILI
531051,VINTAGES
531049,NEELKAN
531043,ZDHJERK
531041,COMPEAU
531039,SWADHATURE
531035,EBIX
531033,REGAL
531027,LIBORD
531025,VISAGAR
531017,ARISE
531015,VENMAX
531003,SWRNASE
530999,BALAMINES
530997,UNIQUEO
530993,SARTHAKGL
530991,ROOPAIND
530979,INDIAHOME
530977,SKCIL
530973,ALFAICA
530965,IOC
530961,VIKASECO
530959,DIANATEA
530953,SUNILAGR
530951,RAMINFO
530943,AQYLON
530931,STANPACK
530925,RAMSONS
530921,INTETHR
530919,REMSONSIND
530917,RRSECUR
530909,ERPSOFT
530907,SICAPIT
530899,ASIAPAK
530897,NGIND
530883,SUCROSA
530881,ABVL
530879,CIFL
530871,CHEMBOND
530855,GDLLEAS
530853,HIPOLIN
530845,SUNSHIEL
530843,CUPID
530839,CLIOINFO
530829,CILSEC
530825,DAIKAFFI
530821,SSPDL
530813,KRBL
530809,BNRUDY
530805,OIVL
530803,BHAGERIA
530799,ANNAINFRA
530797,SHGANEL
530795,SUNCITYSY
530789,CEEJAY
530787,INLANPR
530779,DYNAMICP
530765,AGARWAL
530759,STERTOOLS
530757,SHENTRA
530755,CORNE
530747,CHALLANI
530745,ACSTECH
530741,OVOBELE
530735,SUPERBAK
530733,ENCODE
530723,ASITCFIN
530711,JAGANLAM
530709,GOWRALE
530705,ANIRIT
530699,RAJRILTD
530697,ZENLABS
530695,PRIMEPRO
530689,LYKISLTD
530677,SUPREME
530675,YORKEXP
530665,ZENITHHE
530663,GOYALASS
530655,GOODLUCK
530643,ECORECO
530627,VIPULORG
530621,AAIL
530617,SAMPRE
530615,GARGFUR
530601,JAGSONSER
530595,TELECANOR
530589,PRIMAPLA
530585,SWASTIKA
530581,EKAMLEA
530579,UYFINCORP
530577,LADDERUP
530571,EXPLICITFIN
530557,NCLRESE
530555,PARACABLES
530549,SHILPAMED
530547,KENFIN
530545,COSCO
530537,MANRAJH
530533,TERAI
530525,RRETAIL
530521,VIRAT
530517,RELAXO
530499,AKCAPIT
530495,STRATMONT
530477,VIKRAMTH
530475,TINNARUBR
530469,GSLSEC
530461,SABOOSOD
530459,VALSONQ
530457,GTTDATA
530449,RUNGTAIR
530445,SUMERUIND
530443,KIRANSY-B
530439,SIDDHA
530433,SHIVAAGRO
530429,ASHISHPO
530427,CHOKSI
530421,KUWERIN
530419,SUMEDHA
530407,EPIC
530405,JINDCAP
530401,VINYOFL
530393,DBSTOCKBRO
530377,NILAINFRA
530369,VAMSHIRU
530367,NRBBEARING
530365,ORIENTBELL
530363,UGARSUGAR
530361,PRABHHANS
530357,KBSINDIA
530355,ASIANENE
530343,GENUSPOWER
530341,MUKESHB
530331,PREMCO
530317,GODAVARI
530315,HINDTIN
530313,KIMIABL
530309,CHANDRAP
530307,CLSEL
530305,PICCADIL
530299,KOTHARIPRO
530295,SHRAJOI
530291,PAOS
530289,SPCAPIT
530281,QUANTDIA
530271,RICHUNV
530267,ARIGATO
530265,SAINIK
530263,GLOBALCA
530259,INTSTOIL
530255,KAYPOWR
530253,RAJTUBE
530251,RISAINTL
530249,BRIDGESE
530245,ARYAMAN
530239,SUVEN
530235,KJMCFIN
530233,AUROLAB
530231,SUBSM
530217,SWOJAS
530215,KINGSINFR
530213,FORINTL
530207,BRAWN
530201,KALLAM
530199,THEMISMED
530197,FUNDVISER
530187,ATHARVENT
530185,SURATRAML
530179,RSCINT
530177,VKGLOBAL
530175,ODYSSEY
530171,DAULAT
530169,MOHITPPR
530167,MONGIPA
530163,KERALAYUR
530145,KISAN
530141,GYANDEV
530139,KREONFIN
530135,OPTIEMUS
530133,AMCOIND
530129,NILE
530127,NPRFIN
530125,SAMRATPH
530119,NATRAJPR
530117,PRIVISCL
530111,RAJPACK
530109,ANUPAM
530079,FAZE3Q
530077,PURETROP
530075,ANTELOPUS
530073,SANGHVIMOV
530067,CSLFINANCE
530065,LORDSHOTL
530063,YASHRAJC
530057,VIVANZA
530053,REALECO
530045,TITANSEC
530043,ACKNIT
530037,SPARKLEGR
530027,AADIIND
530025,SAMYAKINT
530023,THEINVEST
530019,JUBLPHARMA
530017,SIL
530007,JKTYRE
530005,INDIACEM
530001,GUJALKALI
527005,SHREEPAC
527001,ASHAPURMIN
526987,URJA
526981,SHBAJRG
526977,CRIMSON
526971,DHOOTIN
526967,HEERAISP
526965,GUJCRAFT
526961,LASTMILE
526953,VENUSREM
526951,STYLAMIND
526947,LAOPALA
526945,TYROON
526941,VAICC
526935,KALIND
526931,HRYNSHP
526921,21STCENMGM
526905,PADMAIND
526901,SONALAD
526899,HFIL
526891,MKTCREAT
526887,INDOCRED
526885,SARLAPOLY
526883,SHIKHAR
526881,63MOONS
526877,SIDDHEGA
526873,RAJSEC
526871,INTECCAP
526869,KUMPFIN
526865,JAINCO
526861,RISHILASE
526859,ISFL
526853,BI
526851,AREXMIS
526849,BANARBEADS
526847,ASHSI
526841,SHAKTIPR
526839,SIPL
526829,CONFIPET
526827,SPICEISLIN
526823,RAJINFRA
526821,DAICHI
526817,CHEVIOT
526813,RAGHUNAT
526807,SEAMECLTD
526797,GREENPLY
526783,DRAGARWQ
526775,VALIANT
526761,HOWARHO
526755,VELHO
526751,GRATEXI
526747,PGFOILQ
526739,SHAWGELTIN
526731,BRIGHTBR
526729,GOLDIAM
526727,GARNET
526725,SANDESH
526723,NTCIND
526721,NICCOPAR
526717,HPBL
526711,ADARSHPL
526709,BITS
526705,ELEMARB
526703,ECOPLAST
526677,KEEPLEARN
526675,TIRTPLS
526668,KAMATHOTEL
526666,BIL
526662,ARENTERP
526654,THAKDEV
526650,TFCILTD
526642,MIRZAINT
526640,RAYALEMA
526638,TEXELIN
526628,AJWAFUN
526622,MFLINDIA
526616,NATPLAS
526614,EXPOEAPL
526612,BLUEDART
526608,ELECTHERM
526604,LIPPISYS
526596,LIBERTSHOE
526588,PHOTOQUP
526586,WIMPLAST
526582,TPLPLASTEH
526574,ENTRINT
526570,MIDWEST
526554,SALGUTI
526550,CCHHL
526546,CHOKSILA
526544,SGLRES
526532,SFPIL
526530,IIRM
526525,WWALUM
526519,ALPINEHOU
526508,SHAHISHIP
526506,SYSTMTXC
526500,STRGRENWO
526494,PROMACT
526492,RISHIROOP
526490,PRATIK
526488,BHUDEVI
526481,PHOENXINTL
526479,SKYIND
526473,ELEFLOR
526471,WINSOMBR
526468,EUROLED
526445,INDRANIB
526443,AEIM
526441,VISIONCINE
526439,AMBIT
526435,PERFEPA
526433,ASMTEC
526431,WELTI
526423,KRITI
526415,OKPLA
526409,KKALPANAIND
526407,HAMPTON
526397,ALPHAGEO
526381,PATINTLOG
526373,CINDHO
526371,NMDC
526367,GANESHHOU
526365,SWARNSAR
526355,DUROPACK
526349,NIRBHAYIND
526345,PANJON
526335,SHREYASI
526331,ADVMULT
526325,ORIENTLTD
526315,DIVSHKT
526299,MPHASIS
526269,CRSTCHM
526263,MOLDTECH
526251,MIDEASTP
526247,PREMEXPLN
526241,AMRAPLIN
526237,MORGAN
526231,STDSFAC
526227,FILATEX
526225,BLOOM
526217,HITECHCORP
526211,SURJIND
526193,ROYALCU
526187,ASHRAM
526179,LUDLOWJUT
526173,ANDREWYU
526169,MULTIBASE
526161,SPENTA
526159,NIKHILAD
526143,MPL
526139,TRABI
526137,SHETR
526133,SUPERTEX
526125,BNAGROCHEM
526117,SHERVANI
526115,KARANWO
526113,UNRYLMA
526095,RALEGRA
526081,SCAGRO
526075,VINRKLB
526073,GALXBRG
526071,STELLANT
526043,POLYCHMP
526027,CUBEXTUB
526025,GLOBUSCON
526001,JAUSPOL
524828,BDH
524824,BALPHARMA
524820,PANAMAPET
524818,DYNAMIND
524816,NATCOPHARM
524808,PHYTO
524804,AUROPHARMA
524790,EVERESTO
524774,NGLFINE
524768,EMMESSA
524752,DECIPHER
524748,LINKPH
524743,FISCHER
524742,CAPLIPOINT
524735,HIKAL
524731,JENBURPH
524717,TITANBIO
524715,SUNPHARMA
524711,VISTAPH
524709,NACLIND
524703,SANDUPHQ
524687,BASANTGL
524675,KABSON
524669,HESTERBIO
524667,SOTL
524663,BIBCL
524661,WELCURE
524654,NATCAPSUQ
524648,INDOAMIN
524642,SIKOZY
524640,ARCHITORG
524636,OXYGENTAPH
524634,ALUFLUOR
524632,SHUKRAPHAR
524628,PARKERAC
524624,GAGAN
524622,ISTRNETWK
524614,INDXTRA
524606,BERLDRG
524604,ADLINE
524602,BANDARAM
524598,AKSHARCHEM
524594,AEONXDIGI
524592,JAYSYNTH
524590,HEMORGANIC
524582,TIRUSTA
524580,PRIYALT
524576,VIVIDIND
524572,PHARMAID
524570,PODDARMENT
524564,GAYATRIBI
524558,NEULANDLAB
524548,SHARMEH
524542,SUKHJITS
524534,BHASKAGR
524522,LAFFANSQ
524520,KMCSHIL
524518,KREBSBIO
524516,BACPHAR
524506,CORALAB
524502,RAAJMEDI
524500,KILITCH
524494,IPCALAB
524488,SVCIND
524480,RIDDHI
524470,SYNCOMF
524458,INDOEURO
524444,EVEXIA
524440,CAMEXLTD
524434,ASINPET
524414,NORRIS
524412,AAREYDRUGS
524408,UNIVSTAR
524404,MARKSANS
524400,ISHITADR
524396,BIOFILCHEM
524394,VIMTALABS
524372,ORCHPHARMA
524370,BODALCHEM
524348,AARTIDRUGS
524342,INDOBORAX
524336,SHHARICH
524332,BCLIND
524330,JAYAGROGN
524324,SEYAIND
524322,KABRADG
524314,GUJTERC
524288,AIMCOPEST
524280,KOPRAN
524238,GUJINJEC
524230,RCF
524226,GAEL
524218,RESONANCE
524212,WANBURY
524210,PNTKYOR
524208,AARTIIND
524204,TEEAI
524202,LACTOSE
524200,VINATIORGA
524174,KESARPE
524164,IOLCP
524156,TCMLMTD
524136,PCCOSMA
524129,VINYLINDIA
524109,KABRAEXTRU
524091,CARYSIL
524080,HARLETH
524075,ALBERTDAVD
524055,PANIDPR
524051,POLYPLEX
524046,PETPLST
524038,VENLONENT
524037,RAMAPHO
524031,PATIDAR
524019,KINGFA
524000,POONAWALLA
523888,VRWODAR
523874,EASTINDIA
523862,GRANDOAK
523850,AXTEL
523844,CONSTRONIC
523842,SUPTANERY
523840,INNOVTEC
523838,SIMPLEXINF
523836,GUJRAFFIA
523832,MUKATPIP
523828,MENONBE
523826,SOVERDIA
523796,VHLTD
523792,MAZDA
523790,SHUKJEW
523782,MITSHI
523754,MAHEPC
523752,TIHIL
523736,DVL
523732,ECOBOAR
523722,SVAMSOF
523716,ASHIANA
523710,SAYAJIHOTL
523708,EIMCOELECO
523704,MASTEK
523696,FORTISMLR
523694,APCOTEXIND
523676,GOLKUNDIA
523672,FLEXFO
523660,WATERBASE
523652,KKPLASTICK
523650,YASHINNO
523648,PLASTIBLEN
523642,PIIND
523638,IPRINGLTD
523630,NFL
523620,PHRMASI
523618,DREDGECORP
523610,ITI
523606,SIKA
523598,SCI
523594,KUNSTOFF
523586,INDTONER
523574,FEL
523566,MARBU
523558,SWISSMLTRY
523550,KRYPTONQ
523539,PRECWIRE
523537,APMIN
523519,UNIOFFICE
523489,CMMHOSP
523483,PACIFICI
523475,LOTUSCHO
523467,JAIMATAG
523465,INDBNK
523457,LINDEINDIA
523449,SHARP
523445,RIIL
523425,SUNRAJDI
523419,TNTELE
523411,ADCINDIA
523405,JMFINANCIL
523398,BOSCH-HCIL
523395,3MINDIA
523391,NAHARPOLY
523387,HOM
523385,NILKAMAL
523384,MAHAPEXLTD
523373,MINID
523371,MAWANASUG
523369,DCMSRIND
523367,DCMSHRIRAM
523351,STDSHOE
523343,MICROSE
523329,ELDEHSG
523323,KOVAI
523319,BALMLAWRIE
523315,PURITY
523309,SHRIGANG
523301,TCPLPACK
523289,RAMAVISION
523283,SUPERHOUSE
523269,ADVANIHOTR
523261,VENKEYS
523260,PEARLPOLY
523248,MACPLASQ
523242,NBFOOT
523232,CONTPTR
523229,BHARATSE
523207,KOKUYOCMLN
523186,BAPACK
523160,FOSECOC
523144,MEDICAPQ
523127,EIHAHOTELS
523120,THRIVE
523116,SANCTRN
523113,FUTURSEC
523105,CROPSTER
523100,COSMOFE
523062,JJFINCOR
523054,ZBINTXPP
523025,SAFARI
523023,SINCLAIR
523021,RISHITECH
523019,BNRSEC
523011,WEIZMANIND
523007,ANSALBU
522650,BEMHY
522295,CONTROLPR
522294,TIGLOB
522292,CANDOUR
522289,NMSGLOBAL
522287,KPIL
522285,JAYNECOIND
522281,RAMRAT
522275,GVTD
522273,AHMDSTE
522267,VJLAXMIE
522261,DOLPHIN
522257,RAJOOENG
522251,CENLUB
522249,MAYURUNIQ
522241,MMFL
522237,SHIVAGR
522235,MINALIND
522231,CONART
522229,TANAA
522217,GUJAPOLLO
522215,HLEGLAS
522209,YOGISUNG
522207,RASANDIK
522205,PRAJIND
522195,FRONTSP
522183,ITL
522165,INDSILHYD
522163,DIACABS
522152,SOLIMAC
522134,ARTSON
522122,VOITHPAPR
522113,TIMKEN
522108,YUKEN
522105,BIRLAPREC
522101,KLBRENG-B
522091,UVDRHOR
522074,ELGIEQUIP
522073,HITECHGEAR
522064,HONDAPOWER
522036,MIVENMACH
522034,SHANTIGEAR
522029,WINDMACHIN
522027,EMAINDIA
522017,FLUIDOM
522014,UNIDT
522005,AUSTENG
522004,BATLIBOI
522001,CRANEX
521248,KITEX
521246,PARASPETRO
521244,MKPMOB
521242,KANDAGIRI
521240,SAMBANDAM
521238,BGDL
521234,SRINACHA
521232,SUNILTX
521228,TATIAGLOB
521226,UNIROYAL
521222,SANBLUE
521220,DAMODARIND
521216,DHANROTO
521210,CITYMAN
521206,SAMTEX
521200,SURYALAXMI
521194,SILINV
521180,SUPERSPIN
521178,SRMCL
521163,ZODIACLOTH
521161,SLSTLQ
521151,DHANFAB
521149,PRIMEURB
521141,ADITYASP
521137,EUREKAI
521133,GEMSPIN
521131,SBFL
521113,SUDTIND-B
521109,NAGREEKEXP
521105,OLYMPTX
521097,AMARJOTHI
521080,PASARI
521070,ALOKINDS
521068,HISARSP
521064,TRIDENT
521062,OCTAVE
521054,KAKTEX
521048,ADVLIFE
521036,SOURCEIND
521034,SOMATEX
521018,MARALOVER
521016,ICIL
521014,EUROTEXIND
521005,TITANIN
521003,SHVSUIT
520155,STARLOG
520151,TRANSWORLD
520141,SIBARAUT
520131,COARO
520127,BALTE
520123,ABCINDQ
520121,ARCEEIN
520119,ASAL
520113,VESUVIUS
520111,RATNAMANI
520086,SICALLOG
520081,ECSTSTL
520075,SAMKRG
520073,RACLGEAR
520066,JAYBARMARU
520059,MUNJALAU
520057,JTEKTINDIA
520056,TVSHLTD
520051,JAMNAAUTO
520043,MUNJALSHOW
520021,OMAXAUTO
520008,RICOAUTO
519612,LAKESHORE
519606,INTEGFD
519604,SURFI
519602,KELLTONTEC
519600,CCL
519574,HINDUST
519566,SIMRAN
519552,HERITGFOOD
519532,ASIANTNE
519528,NORBTEAEXP
519506,NCCBLUE
519500,BKV
519494,NKIND
519483,TAIIND
519479,OMEAG
519477,CIANAGRO
519475,CHORDIA
519471,AMBARPIL
519463,IBINFO
519457,VIRATCRA
519421,KSE
519415,KMGMILK
519413,DATIWARE
519397,SHINDL
519383,ANIKINDS
519367,TRANSFD
519359,POONADAL
519331,VSFPROJ
519307,VIKASWSP
519299,PRIMIND
519295,BAMBINO
519287,MODAIRY
519285,TARAI
519279,MADHURIND
519262,PRIMAGR
519260,SANWARIA
519238,SPTRSHI
519234,SIEL
519230,KISAAN
519224,WILLAMAGOR
519216,AJANTSOY
519214,WILLIMFI
519191,RGRL
519183,ADFFOODS
519174,ASHAI
519156,VADILALIND
519152,VADILENT
519136,NAHARINDUS
519126,HNDFDS
519105,AVTNPL
519097,RITESHIN
519091,TASTYBITE
519014,PRSNTIN
519003,MODINATUR
518091,APCL
518075,SURAJ
518053,SRICC
518011,KEERTHI
517569,KEI
517562,TRIGYN
517556,PVP
517554,NHCFOODS
517546,ALFATRAN
517544,CENTUM
517536,ONWARDTEC
517530,SURANAT&P
517522,RAJRATAN
517514,DHINDIA
517506,TTKPRESTIG
517500,ROTO
517498,WEBELSOLAR
517494,ACCEL
517477,ELNET
517467,MARSONS
517449,MAGNAELQ
517447,RSSOFTWARE
517437,DUTRON
517431,NARMP
517429,ATHENAGLO
517421,BUTTERFLY
517417,PATELSAI
517415,LEENEE
517411,SHYAMTEL
517399,VXLINSTR
517397,PANELEC
517393,REGANTO
517385,SYMPHONY
517380,IGARASHI
517372,GUJINTRX
517370,INCAP
517360,SBECSYS
517356,ACIIN
517354,HAVELLS
517344,MINDTECK
517336,MODMA
517334,MOTHERSON
517320,MAGNUS
517300,GIPCL
517288,GUJARATPOLY
517286,RNITAI
517273,S&SPOWER
517271,HBLENGINE
517264,FINELINE
517258,PRECISIO
517246,BCCFUBA
517238,DYNAVSN
517236,CALCOM
517214,DIGISPICE
517206,LUMAXIND
517201,SWITCHTE
517174,HONAUT
517172,PERVASIVE
517170,EDVENSWA
517168,SUBROS
517166,SPELS
517146,USHAMART
517119,PCS
517096,APLAB
517077,INDAGIV
517063,JETKINGQ
517059,SALZERELEC
517044,IDM
517041,ADOR
517035,RIR
517015,VINDHYATEL
516110,FAMILYCARE
516108,STHINPA
516106,SHKARTP
516098,VENTURA
516096,SANPA
516092,3PLAND
516082,NRAIL
516078,JUMBO
516072,VISHNU
516064,ARROWGREEN
516062,NATPLY
516038,KSSMART
516032,TAHMARENT
516030,PAKKA
516022,STARPAPER
516020,AGIOPAPER
516016,SHREYANIND
516003,DUROPLY
515147,HALDYNGL
515093,MADHAV
515085,RESTILE
515059,MADHUDIN
515055,ANANTRAJ
515043,SEKURITIND
515037,MURUDCERA
515030,ASAHIINDIA
515018,REGENCERAM
515008,MODINSU
514470,WINSOMTX
514454,SOUTLAT
514450,MHLXMIRU
514448,JYOTIRES
514442,SRIKPRIND
514440,BPAGRI
514428,HINDADH
514418,MANORG
514414,OXFORDIN
514412,SARUPINDUS
514402,ECOHOTELS
514400,GARWSYN
514386,GUJCOTEX
514378,YARNSYN
514360,KRRAIL
514358,EVERFIN
514354,PREMIERPOL
514348,WINSOME
514336,CCME
514332,NEOINFRA
514330,ONEGLOBAL
514326,PATSPINLTD
514324,OMNITEX
514322,KAMADGIRI
514318,JATTAINDUS
514316,RAGHUSYN
514312,JAIHIND
514302,VIPPYSP
514300,PIONEEREMB
514286,ASHIMASYN
514280,SANTETX
514274,VGL
514272,BHILSPIN
514266,ZENIFIB
514264,SEASONST
514260,SURBHIN
514248,SRECR
514240,KUSHIND
514238,MKVENTURES
514236,TTLEL
514234,SANGAMIND
514223,RAMGOPOLY
514211,SUMEETINDS
514197,STCORP
514183,BLACKROSE
514175,VARDMNPOLY
514171,CEETAIN
514167,GANECOS
514165,INDIANACRY
514162,WELSPUNLIV
514142,TTL
514138,SURYALA
514113,ADINATH
514087,PBMPOLY
514060,NEWTRAC
514045,BSL
514043,HIMATSEIDE
514036,LOYALTEX
514030,DEEPAKSP
514028,RAJKSYN
514010,RUDRAECO
513729,AROGRANITE
513721,MFSINTRCRP
513713,WHITEORG
513709,SHILGRAVQ
513699,SOLIDSTON
513693,KAJARIR
513687,SPECTRA
513683,NLCINDIA
513642,AXELPOLY
513629,TULSYAN
513599,HINDCOPPER
513575,STERPOW
513566,NOVIS
513554,MAHASTEEL
513548,SHRDAIS
513544,MSCTC
513540,TNSTLTU
513536,GNRL
513532,PRADPME
513528,GLITTEKG
513519,PITTIENG
513517,STEELCAS
513513,ADITYA
513511,PANCHMAHQ
513509,KALYANIFRG
513507,GUJCONT
513502,BAROEXT
513498,SOUTHMG
513496,SIZEMASTER
513488,SSWRL
513472,SIMPLEXCAS
513460,MAHALXSE
513456,KANSHST
513452,ELANGO
513436,SHAHALLOYS
513430,MAITRI
513422,BLOIN
513418,SMFIL
513397,VALLABHSQ
513377,MMTC
513375,CARBORUNIV
513369,KVFORGE
513361,INDIAHOMES
513353,COCHINM
513349,AJMERA
513337,GUJTLRM
513307,BELDING
513303,MDRNSTL
513295,IMEC
513269,MANINDS
513262,SSWL
513252,JAYUSH
513250,JYOTISTRUC
513228,PENIND
513173,STLSTRINF
513149,ACROW
513121,ORICONENT
513117,AMFORG
513108,GANDHITUBE
513097,SBCL
513063,TRANSFRE
513059,GSAUTO
513043,REMIEDEL
513039,ZHINUDYP
513023,NAVA
513012,ZJEETMAC
513005,CHROME
512634,SAVERA
512626,ORBTEXP
512624,REGENTRP
512618,RLF
512608,BHANDARI
512604,HARIAEXPO
512600,ASTALLTD
512599,ADANIENT
512597,KEYFINSERV
512595,MANBRO
512591,PULSRIN
512589,SITAENT
512587,ZODJRDMKJ
512573,AVANTIFEED
512565,NEELKANTH
512559,KOHINOOR
512553,ZENITHEXPO
512531,STCINDIA
512529,VIYASH
512527,SUPER
512519,DONEAR
512517,VINVANI
512511,VARUNME
512505,MEENST
512499,SHALPRO
512493,GARNETINT
512489,OASISEC
512485,DHANCOT
512479,VIRYA
512477,BETXIND
512463,LLOYDSENT
512461,PUNCTRD
512455,LLOYDSME
512453,SHRJAGP
512445,DEVITRD
512443,GANONPRO
512441,ENBETRD
512439,ESQRMON
512437,APOLLOFI
512433,ASUTENT
512431,WHITHAL
512425,NIRAVCOM
512415,MERCTRD
512408,UNIWSEC
512404,BENGALS
512399,SERA
512393,SHARDUL
512381,STARTECK
512379,CRSL
512377,MAGANTR
512367,ZSHERAPR
512361,CUPIDALBV
512345,LEXGLOBAL
512344,ARAVALIS
512329,SGMART
512303,ZMANSOON
512301,CHMBBRW
512297,SHANTAI
512296,BHAGYANGR
512291,ZSPEEDCO
512277,AUTOINT
512271,TASHIND
512267,MMWL
512265,AVONMERC
512261,BAJGLOB
512257,SVARTCORP
512247,ASHCAP
512245,ZNIVITRD
512237,JAICORPLTD
512229,VERITAS
512221,SPVGLOBAL
512217,PRISMMEDI
512213,CLASELE
512197,SILVERO
512195,BENTCOM
512179,SUNTECK
512175,VAMA
512165,ABANSENT
512161,SECURKLOUD
512157,TERRAREAL
512153,MLINDLTD
512149,AVANCE
512147,KAJALSY
512131,SIGIND
512117,TWIROST
512115,ROSEMER
512109,AVIVA
512103,NIDHGRN
512101,TRIPR
512099,EY
512097,SAICOM
512093,CRANESSOFT
512091,GDIL
512070,UPL
512068,DECNGOLD
512065,MRUTR
512064,VISVEN
512063,WARDHEALTH
512062,ZSANMCOM
512060,SHYAM
512048,DHANSAFAL
512047,ROYALIND
512038,TCC
512036,SKYBIOTECH
512026,VEGA
512025,ASGARD
512022,WINROC
512020,ZSARACOM
512018,TTGIL
512014,SOBME
512008,EFCIL
512004,ZNILKENG
511768,MASTERTR
511766,MUTHOOTCAP
511764,AASTAFIN
511758,MANSIFIN
511756,ABIRAFN
511754,SAHLIBHFI
511742,UGROCAP
511740,RFL
511738,MEHSECU
511728,KZLFIN
511726,VIPULLTD
511724,BAIDFIN
511716,INVIGO
511714,NIMBSPROJ
511712,RELICTEC
511710,CUBIFIN
511702,YOGI
511700,STANCAP
511696,CHRTEDCA
511692,AJCON
511676,GICHSGFIN
511672,SCANSTL
511664,BGIL
511658,NETTLINX
511654,SUGALDAM
511636,DJSSS
511632,OLYMTFI
511630,SAMBHAAV
511628,FEDDERSHOL
511626,RRFIN
511611,DCMFINSERV
511609,ISLCONSUL
511605,ARIHANTCAP
511601,YASHMGM
511593,LIBORDFIN
511589,AVONMORE
511585,BEFOUNDMOL
511577,MANTRA
511571,CRESCENTIS
511563,SANCF
511559,TEAMGTY
511557,PROFINC
511551,MONARCH
511549,MORARKFI
511543,GSBFIN
511539,SUPRATRE
511535,NDASEC
511533,SAHARAHOUS
511525,PANINDIAC
511523,VEERHEALTH
511509,VIVOBIOT
511507,USHAKIRA
511505,CAPTRUST
511501,BHARAT
511493,SHRYDUS
511473,INDBANK
511463,ALEXANDER
511451,DHARFIN
511447,SYLPH
511441,GUJCRED
511431,VAKRANGEE
511413,CREST
511411,SHRISTI
511401,MCLTD
511391,INTRGLB
511377,MEHIF
511359,ADMANUM
511355,INDCEMCAP
511333,VLSFINANCE
511260,ICONIKSPEV
511254,SAGARSYST
511246,BOMTALKIES
511243,CHOLAFIN
511218,SHRIRAMFIN
511208,IVC
511200,MUNCAPM
511196,CANFINHOME
511194,ICDSLTD
511187,MILLENNIUM
511185,RAJVI
511176,PARSHWANA
511169,RKDAGRRTL
511153,ANJANIFOODS
511147,WSFX
511131,KAMANWALA
511122,1STCUS
511116,QUADRANT
511110,VBDESAI
511108,SHIVATEX
511096,TVOLCON
511092,JMDVL
511076,AEROENTER
511074,EASYFIN
511066,SAKTHIFIN
511060,JUMBFNL
511048,KUSUMEL
511038,ZARCOLEA
511034,JINDRILL
511018,ZMILGFIN
511016,PREMCAP
511012,YAMNINV
511000,MADHUSE
510245,SWASTIVI
509966,VSTIND
509960,UPHOT
509953,TRADWIN
509945,THACKER
509930,SUPREMEIND
509917,TECHCON
509910,ZSOUTGAS
509895,HINDMILL
509887,SINNAR
509874,SHALPAINTS
509870,SHAHCON
509845,RJSHAH
509835,PREMSYN
509820,HUHTAMAKI
509782,OSEASPR
509762,MAPROIN
509760,MODRNSH
509732,KOTIC
509715,JAYSREETEA
509709,INTLCONV
509692,INDIANCARD
509675,BIRLANU
509650,ZHINDHSG
509635,HINDCOMPOS
509631,HEG
509597,HARDCAS
509567,GOACARBON
509563,GARWAMAR
509557,GARFIBRES
509546,GRAVISSHO
509525,EMPIND
509496,CEMPRO
509488,GRAPHITE
509486,CAPRIHANS
509480,BERGEPAINT
509472,CRAVATEX
509470,BOMOXY-B1
509449,BHAGWOX
509438,BENARAS
509423,SEL
509243,TVSSRICHAK
509220,PTL
509196,MMRUBBR-B
509162,INDAG
509152,GRPLTD
509079,GUFICBIO
509073,HATHWAYB
509069,INFOMEDIA
509055,VISAKAIND
509053,BANASFN
509051,INDINFO
509048,LANCORHOL
509046,TRILIANCE
509040,NETLINK
509038,VOLLF
509026,VJTFEDU
509024,GOLDLEG
509020,RUCHINFRA
509015,THAKRAL
509009,AUSOMENT
509003,TRANOCE
508993,KEDIACN
508989,NAVNETEDUL
508980,FRONTCAP
508969,SULABEN
508961,SHRICON
508956,HBLEAS
508954,FINKURVE
508941,PANCARBON
508933,AYMSYNTEX
508922,MSRINDIA
508918,IRONWOOD
508906,EVERESTIND
508905,NEXOME
508875,NITINCAST
508869,APOLLOHOSP
508867,NEWMKTAVE
508814,COSMOFIRST
508807,ISTLTD
508670,NEAGI
508664,BESTEAST
508571,COCHMAL
508494,WARRENTEA
508486,HAWKINCOOK
508136,BNALTD
507998,SIMMOND
507987,JPTRLES
507984,DESIFARMS
507981,JINDHOT
507970,PARMCOS-B
507968,JOLYPLS
507966,RASRESOR
507962,FYNX
507960,GUJHOTE
507952,SHIKHARLETR
507948,KEYCORP
507946,KIDUJA
507944,BAJAJST
507938,MNPLFIN
507917,EASTBUILD
507912,GYFTR
507910,FIBERWEB
507880,VIPIND
507878,UNITECH
507872,ASHNOOR
507864,PIONRINV
507852,ADDIND
507836,MCCHRLS-B
507833,COMPUPN
507828,ANSALHSG
507817,WIREFABR
507815,GILLETTE
507813,NOL
507808,UNTTEMI
507794,KHAICHEM
507789,JAGSNPHARM
507785,TAINWALCHM
507779,KANPRPLA
507759,LIMECHM
507753,TGVSL
507747,TTKHLTCARE
507717,DHANUKA
507690,ORIBEVER
507685,WIPRO
507663,SIGNGCL
507645,POLSON
507621,MLKFOOD
507609,OLYOI
507598,KLRFM
507580,IVP
507552,FOODSIN
507543,CORAGRO
507530,THAKKERS
507526,ASALCBR
507515,CJGEL
507514,SDBL
507498,PICCASUG
507490,RANASUG
507488,GMBREW
507486,CAPRO
507474,KFBL
507438,IFBAGRO
507410,WALCHANNAG
507315,SAKHTISUG
507300,RAVALSUGAR
507265,EMERALL
507205,TI
507180,KESARENT
507155,JAGAJITIND
506981,BLUECHIPT
506979,APTPACK
506975,RAJSPTR
506947,ADVPETR-B
506945,IGLFXPL-B
506943,JBCHEPHARM
506935,CONTCHM
506919,MAKERSL
506906,SCBL
506879,GUJTHEM
506863,SWADEIN
506858,GUJPETR
506854,TANFACIND
506852,PRIMO
506820,ASTRAZEN
506808,TUTIALKA
506767,ALKYLAMINE
506734,MYSORPETRO
506690,UNICHEMLAB
506687,TRANSPEK
506685,ULTRAMAR
506680,TECILCHEM
506655,SUDARSCHEM
506642,SADHNANIQ
506640,ZR2
506618,PUNJABCHEM
506605,POLYCHEM
506597,AMAL
506590,PCBL
506580,PBGLOBAL
506579,AGVENTURES
506543,MPAGI
506532,NITTAGELA
506530,KEMP
506528,KELENRG
506525,KANORICHEM
506520,JAYCH
506480,GOCLCORP
506414,FERMENTA
506405,DMCC
506401,DEEPAKNTR
506395,COROMANDEL
506390,SUDARCOLOR
506373,CITURGIA
506365,STARSOURCE
506285,BAYERCROP
506261,MODISONLTD
506260,ANUHPHR
506248,AMNPLST
506235,ALEMBICLTD
506222,STYRENIX
506197,BLISSGVS
506196,VIKSHEN
506194,ARIHANTSUP
506190,ZSARVAMA
506186,GSLTD
506184,KANANIIND
506180,EMERGENT
506178,VELOX
506166,APIS
506162,TERRAFORM
506161,ISHWATR
506146,VIVIDHA
506134,GOURMET
506128,PARNAXLAB
506122,VOLKAI
506120,ALNATRD
506109,GENESYS
506105,STANROS
506079,LAKPRE
506076,GRINDWELL
506074,ARSHIYA
506042,ZPRBHSTE
506022,PRAKASH
506003,SUDAI
505978,TRITONV
505893,HINDHARD
505890,KENNAMET
505872,WPIL
505854,TRF
505850,MANCREDIT
505840,JAIPAN
505827,SNL
505807,ROLCOEN
505800,RANEHOLDIN
505790,SCHAEFFLER
505750,JOSTS
505744,FMGOETZE
505737,INTLCOMBQ
505729,SINGERIND
505726,IFBIND
505725,ALGOQUANT
505720,HERCULES
505714,GABRIEL
505712,HIMTEK
505710,GRAUWEIL
505700,ELECON
505693,LATIMMETAL
505690,BRADYM
505688,BHARATGEAR
505685,TAPARIA
505681,BIMETAL
505650,SKYLMILAR
505594,MULTIIN
505590,SVPGLOB
505585,ZKOVALIN
505537,ZEEL
505533,WESTLIFE
505526,DOLATALGO
505523,MAHACORP
505520,ZHEMHOLD
505515,SHYMINV
505509,RESPONIND
505504,GHVINFRA
505502,PSITINFRA
505412,WENDT
505400,TEXINFRA
505368,SEMAC
505358,INTEGRAEN
505355,NESCO
505343,MONOT
505336,HARSHILAGR
505324,MANUGRAPH
505302,LAKSHMIEW
505299,KPT
505285,TULIVE
505283,KIRLPNU
505255,GMMPFAUDLR
505250,GGDPROP
505242,DYNAMATECH
505232,VELJAN
505216,ALFREDHE
505212,JAINEX
505200,EICHERMOT
505196,TIL
505192,SMLMAH
505163,ZFSTEERING
505160,TALBROAUTO
505100,INRADIA
505075,SETCO
505036,ACGL
505032,AUTOPRD
505029,ATLASCYCLE
505010,AUTOAXLES
504998,WMINIMT
504988,ZWELCAST
504973,CHOLAHLDNG
504959,STOVACQ
504918,SANDUMA
504908,DUNCANENG
504903,RATHIST
504882,NATIONSTD
504879,ORIENTCER
504840,KAIRA
504810,INFORTEC
504786,INVPRECQ
504746,INLCM
504741,INDIANHUME
504731,AZADIND
504697,GALADA
504648,BOMBWIR
504646,BGWTATO
504614,SARDAEN
504605,UNIABEXAL
504397,GANHOLD
504392,KRISHNA
504380,FLOMIC
504378,NYSSACORP
504375,IDREAM
504370,ZARDIINV
504369,GRANDMA
504365,RIDHISYN
504356,ZMULTIPU
504351,EMPOWER
504341,RELTD
504340,LONGSPUR
504286,DELTAMAGNT
504273,MODULEX
504258,LAKSELEC
504240,DLTNCBL
504220,WSI
504212,UNIVCABLES
504180,STDBAT
504176,HIGHENE
504132,PERMAGN
504112,NELCO
504093,PANAENERG
504092,INDOKEM
504084,KAYCEEI
504080,JSLINDL
504076,JYOTI
504067,ZENSARTECH
504058,NIPPOBATRY
504036,HIRECT
504028,GEE
504000,ELPROINTL
503960,BBL
503893,ZSATYASL
503863,SHRMFGC
503837,SHRAJSYNQ
503816,SWADPOL
503811,SIYSIL
503806,SRF
503804,SHRIDINE
503776,MODIPON
503772,MODWOOL
503722,BANSWRAS
503696,SHRENTI
503689,HEALINV
503685,MEDIAONE
503681,ELCIDIN
503675,WAGEND
503671,UNIJOLL
503663,TILAK
503657,VEERENRGY
503641,ZODIACVEN
503639,APOLLOIN
503635,SALSAIN
503626,MANGLAM
503624,ZSVARAJT
503622,ZSVTRADI
503349,VICTMILL
503310,SWANCORP
503229,SIMPLXREA
503169,RUBYMILLS
503162,RELCHEMQ
503127,RAJABAH
503101,MARATHON
503100,PHOENIXLTD
503092,PASUSPG
503031,PENINLAND
502986,VTL
502958,LAKSHMIMIL
502937,KESORAMIND
502933,KATRSPG
502901,JAMSHRI
502893,UNITEDINT
502873,HPCOTTON
502865,FORBESCO
502850,ZGAEKWAR
502820,DCM
502589,VAPIENTER
502587,NATHIND
502450,SESHAPAPER
502448,ROLLT
502445,CITADEL
502420,ORIENTPPR
502355,BALKRISIND
502330,ANDHRAPAP
502294,NILACHAL
502281,TRIVENIGQ
502250,LERTHAI
502219,BORORENEW
502180,SHREDIGCEM
502175,SAURASHCEM
502168,NCLIND
502157,MANGLMCEM
502137,DECCANCE
502090,SAGCEM
502015,ASIIL
501945,DHENUBUILD
501848,GARWAOFFS
501833,CHOWGULSTM
501831,COASTCORP
501700,INDIANVSH
501630,ANANDPROJ
501622,AMALGAM
501479,SFTL
501477,MULLER
501455,GREAVESCOT
501430,BOMBCYC
501425,BBTC
501423,SHAILY
501421,TECHNVISN
501391,WHBRADY
501386,EENTER
501370,WALCHPF
501351,RAPIDIN
501343,MOTOGENFIN
501314,PRISMX
501311,JAYBHCR
501301,TATAINVEST
501298,INDPRUD
501295,IITL
501270,ANTARIKSH
501242,TCIFINANCE
501151,KARTKIN
501150,CENTRUM
501148,DSINVEST
501111,ZGOLDINV
501110,SUNRINV
500940,FINPIPE
500890,MODIRUBBER
500878,CEATLTD
500877,APOLLOTYRE
500875,ITC
500870,CASTROLIND
500850,INDHOTEL
500840,EIHOTEL
500830,COLPAL
500825,BRITANNIA
500820,ASIANPAINT
500800,TATACONSUM
500790,NESTLEIND
500780,ZUARIIND
500777,TNPETRO
500770,TATACHEM
500730,NOCIL
500710,JSWDULUX
500696,HINDUNILVR
500690,GSFC
500680,PFIZER
500674,SANOFI
500672,NOVARTIND
500670,GNFC
500660,GLAXO
500655,GRWRHITECH
500650,EXCELINDUS
500645,DEEPAKFERT
500620,GESHIP
500575,VOLTAS
500570,TMPV
500550,SIEMENS
500547,BPCL
500540,PREMIER
500530,BOSCHLTD
500520,M&M
500510,LT
500500,HINDMOTORS
500495,ESCORTS
500493,BHARATFORG
500490,BAJAJHLDNG
500488,ABBOTINDIA
500483,TATACOMM
500480,CUMMINSIND
500477,ASHOKLEY
500472,SKFINDIA
500470,TATASTEEL
500469,FEDERALBNK
500467,HARRMALAYA
500464,UCAL
500463,BBOX
500460,MUKANDLTD
500459,PGHH
500458,TEAM24
500456,PASUPTAC
500450,MPILCORPL
500449,HOCL
500444,WSTCSTPAPR
500440,HINDALCO
500439,VHL
500429,UNIENTER
500426,UTLINDS
500425,AMBUJACEM
500422,TRANSCHEM
500421,TPINDIA
500420,TORNTPHARM
500418,TOKYOPLAST
500414,TIMEX
500413,THOMASCOOK
500412,TIRUMALCHM
500411,THERMAX
500410,ACC
500408,TATAELXSI
500407,SWARAJENG
500405,SPLPETRO
500404,SUNFLAG
500403,SUNDRMFAST
500402,SPMLINFRA
500400,TATAPOWER
500389,SILVERLINE
500388,SKPMIL
500387,SHREECEM
500380,JKLAKSHMI
500378,JINDALSAW
500371,SAMTELIN
500370,SALORAINTL
500368,PATANJALI
500367,RUBFILA
500365,WELSPLSOL
500360,RAPICUT
500357,RAMAPPR-B
500356,RAMANEWS
500355,RALLIS
500354,RAJSREESUG
500350,RSWM
500346,PUNJCOMMU
500343,AMJLAND
500342,PRUDMOULI
500339,RAIN
500338,PRSMJOHNSN
500337,PRIMESECU
500336,SURYAROSNI
500335,BIRLACORPN
500333,PIXTRANS
500331,PIDILITIND
500330,RAYMOND
500327,PILITA
500325,RELIANCE
500322,PANCM
500319,INDSUCR
500317,OSWALAGRO
500314,ORIENTHOT
500313,OILCOUNTUB
500312,ONGC
500307,NIRLON
500306,JAYKAY
500304,NIITLTD
500300,GRASIM
500298,NAPEROL
500296,NAHARSPING
500295,VEDL
500294,NCC
500292,HEIDELBERG
500290,MRF
500288,MOREPENLAB
500285,SPICEJET
500284,LORDSCHLO
500282,MODTHREAD
500280,CENTENKA
500279,MIRCELECTR
500277,MIDINDIA
500271,MFSL
500270,BARODARY
500268,MANALIPETC
500267,MAJESAUT
500266,MAHSCOOTER
500265,MAHSEAMLES
500264,MAFATIND
500262,HYBRIDFIN
500260,RAMCOCEM
500259,LYKALABS
500257,LUPIN
500253,LICHSGFIN
500252,LMW
500251,TRENT
500250,LGBBROSLTD
500249,KSB
500248,KRIFILIND
500247,KOTAKBANK
500246,ENVAIREL
500245,KIRLFER
500243,KIRLOSIND
500241,KIRLOSBROS
500240,KINETICENG
500239,KGDENIM
500238,WHIRLPOOL
500235,KSL
500234,KAKATCEM
500233,KAJARIACER
500228,JSWSTEEL
500227,JINDALPOLY
500220,JASCH
500219,JISLJALEQS
500215,SUNDROP
500214,IONEXCHANG
500213,ITHL
500210,INGERRAND
500209,INFY
500207,INDORAMA
500206,MARGOFIN
500202,INDLEASE
500201,INDIAGLYCO
500199,IGPL
500193,HLVLTD
500192,PRAGBOS
500191,HMT
500189,NDLVENTURE
500188,HINDZINC
500187,AGI
500186,HINDOILEXP
500185,HCC
500184,HSCL
500183,HFCL
500182,HEROMOTOCO
500180,HDFCBANK
500179,HCL-INSYS
500174,GLFL
500173,GFLLIMITED
500171,GHCL
500170,GTNINDS
500168,GOODYEAR
500166,GOODRICKE
500165,KANSAINER
500164,GODREJIND
500163,GODFRYPHLP
500160,GTL
500159,METROGLOBL
500153,GANESHBE
500151,GOLDENTOBC
500150,FOSECOIND
500148,UFLEX
500147,COCKERILL
500144,FINCABLES
500143,PHCAP
500142,FGP
500136,ESTER
500135,EPL
500133,ESABINDIA
500128,ELECTCAST
500126,PGHL
500125,EIDPARRY
500124,DRREDDY
500123,ELANTAS
500120,DIAMINESQ
500119,DHAMPURSUG
500117,DCW
500116,IDBI
500114,TITAN
500113,SAIL
500112,SBIN
500110,CHENNPETRO
500109,MRPL
500108,MTNL
500106,IFCI
500104,HINDPETRO
500103,BHEL
500101,ARVIND
500097,DALMIASUG
500096,DABUR
500093,CGPOWER
500092,CRISIL
500089,DICIND
500087,CIPLA
500086,EXIDEIND
500085,CHAMBLFERT
500084,CESC
500083,CENTEXT
500078,OAL
500074,BPL
500069,QUESTCAP
500068,DISAQ
500067,BLUESTARCO
500060,BIRLACABLE
500058,BIHSPONG
500052,BEPL
500051,BHAGGAS
500049,BEL
500048,BEML
500043,BATAINDIA
500042,BASF
500041,BANARISUG
500040,ABREL
500039,BANCOINDIA
500038,BALRAMCHIN
500034,BAJFINANCE
500033,FORCEMOT
500032,BAJAJHIND
500031,BAJAJELEC
500028,ATVPR
500027,ATUL
500023,ASIANHOTNR
500020,BOMDYEING
500016,ARUNAHTEL
500014,UTIQUE
500013,ANSALAPI
500012,ANDHRAPET
500009,AMBALALSA
500008,ARE&M
500003,AEGISLOG
500002,ABB
